design,design_hybrid_06_abucnasty,design_hybrid_05_thaeln_abucnasty,design_hybrid_04_thaeln_abucnasty,design_hybrid_03_thaeln_abucnasty,design_hybrid_01_abucnasty,design_35_henryjk,design_27_geist_fixed,design_18_lady_meyneth,design_14_abucnasty,design_12_phlap,design_08_lady_meyneth,design_01_undertow,design_00_baseline
metric_whole_update,1100.605598,1105.205703,1224.136698,1224.913322,1115.257029,1193.317927,1203.719743,1184.847513,1184.886059,1175.176719,1180.806007,1264.797091,1669.684497
metric_control_behavior_update,110.981485,115.184653,144.933243,145.078521,116.273476,182.522919,134.4334,124.059177,140.294736,135.905522,123.061318,73.016821,53.23558
metric_transport_lines_update,90.829819,86.328333,106.857875,106.140243,91.101838,77.733849,128.440415,87.718062,102.488619,104.370529,86.679733,104.898582,142.504555
metric_electric_heat_fluid_circuit_update,87.663543,87.556232,97.863741,101.437945,90.393752,128.102611,91.322767,133.453708,101.703863,98.84076,132.887676,86.852266,84.848475
metric_electric_network_update,79.66299,77.43908,86.83475,90.448214,81.039869,118.710804,80.931347,98.391013,90.72852,88.07623,108.383029,76.30352,75.862704
metric_fluid_flow_update,64.182838,47.415689,56.080649,55.357538,68.609664,90.688715,44.82789,122.141822,55.076317,75.801654,121.729301,59.645802,65.823901
metric_entity_update,768.937674,764.963083,826.671667,824.626406,772.277693,755.529105,801.487707,781.259697,793.334231,791.100728,781.166282,956.544262,1337.878483
metric_trains,0.121658,6.069115,0.1514,0.153539,0.145576,0.144994,0.147597,11.624659,0.155016,0.155464,11.640878,0.146199,0.150533
arithmetic_combinator,0,2,2,2,0,0,0,0,2,0,0,0,0
assembling_machine_3,88,64,64,64,88,96,66,88,64,88,88,88,68
assembling_machine_3_circuit_enabled,0,0,0,0,0,0,66,0,0,0,0,0,0
average_buildings_per_beacon,2.2007874015748032,2.3896103896103895,2.066666666666667,1.8698412698412699,2.2007874015748032,2.8884615384615384,1.7332123411978222,2.435215946843854,1.8698412698412699,2.389558232931727,2.287425149700599,2.367088607594937,2.1203703703703702
beacon,508,462,570,630,508,520,551,602,630,498,668,474,432
beacons_per_assembling_machine_3,8.5,12,12,12,8.5,7.666666666666667,10,8,12,7,8,8.863636363636363,10.117647058823529
beacons_per_assembling_machine_3_advanced_circuit_recipe,0,0,0,0,0,0,0,0,0,0,0,0,0
beacons_per_assembling_machine_3_chemical_science_pack_recipe,11,12,12,12,11,8,11,11,12,11,11,11,10
beacons_per_assembling_machine_3_copper_cable_recipe,0,0,0,0,0,0,0,0,0,0,0,0,0
beacons_per_assembling_machine_3_electronic_circuit_recipe,0,0,0,0,0,0,0,0,0,0,0,0,0
beacons_per_assembling_machine_3_engine_unit_recipe,6,12,12,12,6,7,8,5,12,3,5,6.7272727272727275,10.4
beacons_per_assembling_machine_3_iron_gear_wheel_recipe,0,0,0,0,0,0,0,0,0,0,0,0,0
beacons_per_assembling_machine_3_pipe_recipe,0,0,0,0,0,0,0,0,0,0,0,0,0
beacons_per_chemical_plant,0,0,0,0,0,3,0,0,0,0,0,0,0
beacons_per_chemical_plant_heavy_oil_cracking_recipe,0,0,0,0,0,0,0,0,0,0,0,0,0
beacons_per_chemical_plant_light_oil_cracking_recipe,0,0,0,0,0,0,0,0,0,0,0,0,0
beacons_per_chemical_plant_plastic_bar_recipe,0,0,0,0,0,3,0,0,0,0,0,0,0
beacons_per_chemical_plant_sulfur_recipe,0,0,0,0,0,0,0,0,0,0,0,0,0
beacons_per_cryogenic_plant,7.666666666666667,6,7.666666666666667,7.666666666666667,7.666666666666667,9,7,4.2,7.666666666666667,9.333333333333334,9.8,5.6,2.5
beacons_per_cryogenic_plant_plastic_bar_recipe,4,5,4,4,4,0,8,3.25,4,6,8.25,5,3
beacons_per_cryogenic_plant_sulfur_recipe,15,10,15,15,15,9,3,8,15,16,16,8,2
beacons_per_electromagnetic_plant,9.666666666666666,9.333333333333334,9.666666666666666,9.666666666666666,9.666666666666666,4.75,10,8.666666666666666,9.666666666666666,9.6,8.5,9.4,5
beacons_per_electromagnetic_plant_advanced_circuit_recipe,10,10,10,10,10,5,10,11,10,10,11,10,6
beacons_per_electromagnetic_plant_copper_cable_recipe,0,0,0,0,0,0,0,0,0,0,0,0,0
beacons_per_electromagnetic_plant_electronic_circuit_recipe,9,8,9,9,9,4.5,10,4,9,8,3.5,7,2
beacons_per_foundry,6.615384615384615,8.571428571428571,9.6,9.6,6.615384615384615,6.869565217391305,11.777777777777779,7.894736842105263,9.6,8.125,7.7894736842105265,7.333333333333333,4.142857142857143
beacons_per_foundry_casting_copper_cable_recipe,4.75,5.333333333333333,6.5,6.5,4.75,6.4,9.4,7.5,6.5,9.2,7.5,6.333333333333333,3
beacons_per_foundry_casting_copper_recipe,0,0,0,0,0,0,0,0,0,0,0,0,0
beacons_per_foundry_casting_iron_gear_wheel_recipe,0,0,0,0,0,0,16,9.833333333333334,0,14,9.833333333333334,8,3
beacons_per_foundry_casting_iron_recipe,10,6,10,10,10,6,11,11,10,12,9,5,3
beacons_per_foundry_casting_pipe_recipe,0,0,0,0,0,0,16,6.090909090909091,0,5.666666666666667,6.090909090909091,7.5,6
beacons_per_foundry_casting_steel_recipe,0,0,0,0,0,0,16,7.090909090909091,0,8.090909090909092,7.090909090909091,11,5
beacons_per_foundry_molten_copper_recipe,0,0,0,0,0,0,0,0,0,0,0,0,0
beacons_per_foundry_molten_iron_recipe,0,0,0,0,0,0,0,0,0,0,0,0,0
beacons_per_foundry_set_recipe_recipe,7.125,12,12,12,7.125,8,0,0,12,0,0,0,0
beacons_per_oil_refinery,9,7,14,14,9,16,16,8,14,16,16,8,10
beacons_per_oil_refinery_advanced_oil_processing_recipe,0,0,0,0,0,0,0,0,0,0,0,0,0
beacons_per_oil_refinery_basic_oil_processing_recipe,9,7,14,14,9,16,16,8,14,16,16,8,10
beacons_per_stone_furnace,0,0,0,0,0,0,0,0,0,0,0,0,0
big_electric_pole,0,0,0,0,0,0,0,0,0,0,0,0,0
big_mining_drill,0,0,0,0,0,0,0,8,0,0,8,0,0
big_mining_drill_circuit_enabled,0,0,0,0,0,0,0,8,0,0,0,0,0
bottomless_chest,0,0,0,0,0,0,0,0,0,0,0,0,0
burner_inserter,0,0,0,0,0,0,0,0,0,0,0,0,0
burner_inserter_chest_to_chest,0,0,0,0,0,0,0,0,0,0,0,0,0
burner_inserter_chest_to_chest_circuit_enabled,0,0,0,0,0,0,0,0,0,0,0,0,0
burner_inserter_circuit_enabled,0,0,0,0,0,0,0,0,0,0,0,0,0
burner_inserter_direct_insertion,0,0,0,0,0,0,0,0,0,0,0,0,0
burner_inserter_direct_insertion_circuit_enabled,0,0,0,0,0,0,0,0,0,0,0,0,0
burner_inserter_from_assembling_machine_3_chemical_science_pack,0,0,0,0,0,0,0,0,0,0,0,0,0
burner_inserter_from_assembling_machine_3_chemical_science_pack_circuit_enabled,0,0,0,0,0,0,0,0,0,0,0,0,0
burner_inserter_from_assembling_machine_3_chemical_science_pack_to_express_underground_belt,0,0,0,0,0,0,0,0,0,0,0,0,0
burner_inserter_from_assembling_machine_3_chemical_science_pack_to_express_underground_belt_circuit_enabled,0,0,0,0,0,0,0,0,0,0,0,0,0
burner_inserter_from_assembling_machine_3_chemical_science_pack_to_turbo_transport_belt,0,0,0,0,0,0,0,0,0,0,0,0,0
burner_inserter_from_assembling_machine_3_chemical_science_pack_to_turbo_transport_belt_circuit_enabled,0,0,0,0,0,0,0,0,0,0,0,0,0
burner_inserter_from_assembling_machine_3_chemical_science_pack_to_turbo_underground_belt,0,0,0,0,0,0,0,0,0,0,0,0,0
burner_inserter_from_assembling_machine_3_chemical_science_pack_to_turbo_underground_belt_circuit_enabled,0,0,0,0,0,0,0,0,0,0,0,0,0
burner_inserter_from_assembling_machine_3_engine_unit,0,0,0,0,0,0,0,0,0,0,0,0,0
burner_inserter_from_assembling_machine_3_engine_unit_to_turbo_underground_belt,0,0,0,0,0,0,0,0,0,0,0,0,0
burner_inserter_from_assembling_machine_3_iron_gear_wheel,0,0,0,0,0,0,0,0,0,0,0,0,0
burner_inserter_from_assembling_machine_3_iron_gear_wheel_to_turbo_underground_belt,0,0,0,0,0,0,0,0,0,0,0,0,0
burner_inserter_from_assembling_machine_3_pipe,0,0,0,0,0,0,0,0,0,0,0,0,0
burner_inserter_from_assembling_machine_3_pipe_to_express_underground_belt,0,0,0,0,0,0,0,0,0,0,0,0,0
burner_inserter_from_assembling_machine_3_pipe_to_turbo_transport_belt,0,0,0,0,0,0,0,0,0,0,0,0,0
burner_inserter_from_assembling_machine_3_pipe_to_turbo_underground_belt,0,0,0,0,0,0,0,0,0,0,0,0,0
burner_inserter_from_belt,0,0,0,0,0,0,0,0,0,0,0,0,0
burner_inserter_from_belt_circuit_enabled,0,0,0,0,0,0,0,0,0,0,0,0,0
burner_inserter_from_building,0,0,0,0,0,0,0,0,0,0,0,0,0
burner_inserter_from_building_circuit_enabled,0,0,0,0,0,0,0,0,0,0,0,0,0
burner_inserter_from_chemical_plant_plastic_bar,0,0,0,0,0,0,0,0,0,0,0,0,0
burner_inserter_from_chemical_plant_plastic_bar_circuit_enabled,0,0,0,0,0,0,0,0,0,0,0,0,0
burner_inserter_from_chemical_plant_plastic_bar_to_electromagnetic_plant_advanced_circuit,0,0,0,0,0,0,0,0,0,0,0,0,0
burner_inserter_from_chemical_plant_plastic_bar_to_electromagnetic_plant_advanced_circuit_circuit_enabled,0,0,0,0,0,0,0,0,0,0,0,0,0
burner_inserter_from_chemical_plant_sulfur,0,0,0,0,0,0,0,0,0,0,0,0,0
burner_inserter_from_chemical_plant_sulfur_circuit_enabled,0,0,0,0,0,0,0,0,0,0,0,0,0
burner_inserter_from_chemical_plant_sulfur_to_turbo_underground_belt,0,0,0,0,0,0,0,0,0,0,0,0,0
burner_inserter_from_chemical_plant_sulfur_to_turbo_underground_belt_circuit_enabled,0,0,0,0,0,0,0,0,0,0,0,0,0
burner_inserter_from_chest,0,0,0,0,0,0,0,0,0,0,0,0,0
burner_inserter_from_chest_circuit_enabled,0,0,0,0,0,0,0,0,0,0,0,0,0
burner_inserter_from_electromagnetic_plant_advanced_circuit,0,0,0,0,0,0,0,0,0,0,0,0,0
burner_inserter_from_electromagnetic_plant_advanced_circuit_circuit_enabled,0,0,0,0,0,0,0,0,0,0,0,0,0
burner_inserter_from_electromagnetic_plant_advanced_circuit_to_express_underground_belt,0,0,0,0,0,0,0,0,0,0,0,0,0
burner_inserter_from_electromagnetic_plant_advanced_circuit_to_express_underground_belt_circuit_enabled,0,0,0,0,0,0,0,0,0,0,0,0,0
burner_inserter_from_electromagnetic_plant_advanced_circuit_to_turbo_transport_belt,0,0,0,0,0,0,0,0,0,0,0,0,0
burner_inserter_from_electromagnetic_plant_advanced_circuit_to_turbo_transport_belt_circuit_enabled,0,0,0,0,0,0,0,0,0,0,0,0,0
burner_inserter_from_electromagnetic_plant_copper_cable,0,0,0,0,0,0,0,0,0,0,0,0,0
burner_inserter_from_electromagnetic_plant_copper_cable_circuit_enabled,0,0,0,0,0,0,0,0,0,0,0,0,0
burner_inserter_from_electromagnetic_plant_copper_cable_to_electromagnetic_plant_advanced_circuit,0,0,0,0,0,0,0,0,0,0,0,0,0
burner_inserter_from_electromagnetic_plant_copper_cable_to_electromagnetic_plant_advanced_circuit_circuit_enabled,0,0,0,0,0,0,0,0,0,0,0,0,0
burner_inserter_from_electromagnetic_plant_copper_cable_to_electromagnetic_plant_electronic_circuit,0,0,0,0,0,0,0,0,0,0,0,0,0
burner_inserter_from_electromagnetic_plant_electronic_circuit,0,0,0,0,0,0,0,0,0,0,0,0,0
burner_inserter_from_electromagnetic_plant_electronic_circuit_circuit_enabled,0,0,0,0,0,0,0,0,0,0,0,0,0
burner_inserter_from_electromagnetic_plant_electronic_circuit_to_electromagnetic_plant_advanced_circuit,0,0,0,0,0,0,0,0,0,0,0,0,0
burner_inserter_from_electromagnetic_plant_electronic_circuit_to_electromagnetic_plant_advanced_circuit_circuit_enabled,0,0,0,0,0,0,0,0,0,0,0,0,0
burner_inserter_from_express_underground_belt,0,0,0,0,0,0,0,0,0,0,0,0,0
burner_inserter_from_express_underground_belt_circuit_enabled,0,0,0,0,0,0,0,0,0,0,0,0,0
burner_inserter_from_express_underground_belt_to_assembling_machine_3_chemical_science_pack,0,0,0,0,0,0,0,0,0,0,0,0,0
burner_inserter_from_express_underground_belt_to_assembling_machine_3_chemical_science_pack_circuit_enabled,0,0,0,0,0,0,0,0,0,0,0,0,0
burner_inserter_from_express_underground_belt_to_turbo_transport_belt,0,0,0,0,0,0,0,0,0,0,0,0,0
burner_inserter_from_fast_transport_belt,0,0,0,0,0,0,0,0,0,0,0,0,0
burner_inserter_from_steel_chest,0,0,0,0,0,0,0,0,0,0,0,0,0
burner_inserter_from_steel_chest_circuit_enabled,0,0,0,0,0,0,0,0,0,0,0,0,0
burner_inserter_from_steel_chest_to_steel_chest,0,0,0,0,0,0,0,0,0,0,0,0,0
burner_inserter_from_steel_chest_to_steel_chest_circuit_enabled,0,0,0,0,0,0,0,0,0,0,0,0,0
burner_inserter_from_stone_furnace_undefined,0,0,0,0,0,0,0,0,0,0,0,0,0
burner_inserter_from_stone_furnace_undefined_circuit_enabled,0,0,0,0,0,0,0,0,0,0,0,0,0
burner_inserter_from_stone_furnace_undefined_to_turbo_transport_belt,0,0,0,0,0,0,0,0,0,0,0,0,0
burner_inserter_from_stone_furnace_undefined_to_turbo_transport_belt_circuit_enabled,0,0,0,0,0,0,0,0,0,0,0,0,0
burner_inserter_from_stone_furnace_undefined_to_turbo_underground_belt,0,0,0,0,0,0,0,0,0,0,0,0,0
burner_inserter_from_stone_furnace_undefined_to_turbo_underground_belt_circuit_enabled,0,0,0,0,0,0,0,0,0,0,0,0,0
burner_inserter_from_turbo_splitter,0,0,0,0,0,0,0,0,0,0,0,0,0
burner_inserter_from_turbo_transport_belt,0,0,0,0,0,0,0,0,0,0,0,0,0
burner_inserter_from_turbo_transport_belt_circuit_enabled,0,0,0,0,0,0,0,0,0,0,0,0,0
burner_inserter_from_turbo_transport_belt_to_assembling_machine_3_chemical_science_pack,0,0,0,0,0,0,0,0,0,0,0,0,0
burner_inserter_from_turbo_transport_belt_to_assembling_machine_3_chemical_science_pack_circuit_enabled,0,0,0,0,0,0,0,0,0,0,0,0,0
burner_inserter_from_turbo_transport_belt_to_chemical_plant_plastic_bar,0,0,0,0,0,0,0,0,0,0,0,0,0
burner_inserter_from_turbo_transport_belt_to_chemical_plant_plastic_bar_circuit_enabled,0,0,0,0,0,0,0,0,0,0,0,0,0
burner_inserter_from_turbo_transport_belt_to_electromagnetic_plant_copper_cable,0,0,0,0,0,0,0,0,0,0,0,0,0
burner_inserter_from_turbo_transport_belt_to_electromagnetic_plant_copper_cable_circuit_enabled,0,0,0,0,0,0,0,0,0,0,0,0,0
burner_inserter_from_turbo_transport_belt_to_express_transport_belt,0,0,0,0,0,0,0,0,0,0,0,0,0
burner_inserter_from_turbo_transport_belt_to_express_transport_belt_circuit_enabled,0,0,0,0,0,0,0,0,0,0,0,0,0
burner_inserter_from_turbo_transport_belt_to_fast_transport_belt,0,0,0,0,0,0,0,0,0,0,0,0,0
burner_inserter_from_turbo_transport_belt_to_fast_transport_belt_circuit_enabled,0,0,0,0,0,0,0,0,0,0,0,0,0
burner_inserter_from_turbo_transport_belt_to_steel_chest,0,0,0,0,0,0,0,0,0,0,0,0,0
burner_inserter_from_turbo_transport_belt_to_steel_chest_circuit_enabled,0,0,0,0,0,0,0,0,0,0,0,0,0
burner_inserter_from_turbo_transport_belt_to_transport_belt,0,0,0,0,0,0,0,0,0,0,0,0,0
burner_inserter_from_turbo_transport_belt_to_transport_belt_circuit_enabled,0,0,0,0,0,0,0,0,0,0,0,0,0
burner_inserter_from_turbo_transport_belt_to_turbo_transport_belt,0,0,0,0,0,0,0,0,0,0,0,0,0
burner_inserter_from_turbo_transport_belt_to_turbo_transport_belt_circuit_enabled,0,0,0,0,0,0,0,0,0,0,0,0,0
burner_inserter_from_turbo_underground_belt,0,0,0,0,0,0,0,0,0,0,0,0,0
burner_inserter_from_turbo_underground_belt_circuit_enabled,0,0,0,0,0,0,0,0,0,0,0,0,0
burner_inserter_from_turbo_underground_belt_to_assembling_machine_3_chemical_science_pack,0,0,0,0,0,0,0,0,0,0,0,0,0
burner_inserter_from_turbo_underground_belt_to_assembling_machine_3_chemical_science_pack_circuit_enabled,0,0,0,0,0,0,0,0,0,0,0,0,0
burner_inserter_from_turbo_underground_belt_to_assembling_machine_3_engine_unit,0,0,0,0,0,0,0,0,0,0,0,0,0
burner_inserter_from_turbo_underground_belt_to_assembling_machine_3_iron_gear_wheel,0,0,0,0,0,0,0,0,0,0,0,0,0
burner_inserter_from_turbo_underground_belt_to_assembling_machine_3_pipe,0,0,0,0,0,0,0,0,0,0,0,0,0
burner_inserter_from_turbo_underground_belt_to_electromagnetic_plant_copper_cable,0,0,0,0,0,0,0,0,0,0,0,0,0
burner_inserter_from_turbo_underground_belt_to_electromagnetic_plant_copper_cable_circuit_enabled,0,0,0,0,0,0,0,0,0,0,0,0,0
burner_inserter_from_turbo_underground_belt_to_electromagnetic_plant_electronic_circuit,0,0,0,0,0,0,0,0,0,0,0,0,0
burner_inserter_from_turbo_underground_belt_to_electromagnetic_plant_electronic_circuit_circuit_enabled,0,0,0,0,0,0,0,0,0,0,0,0,0
burner_inserter_from_turbo_underground_belt_to_stone_furnace_undefined,0,0,0,0,0,0,0,0,0,0,0,0,0
burner_inserter_from_turbo_underground_belt_to_stone_furnace_undefined_circuit_enabled,0,0,0,0,0,0,0,0,0,0,0,0,0
burner_inserter_from_turbo_underground_belt_to_transport_belt,0,0,0,0,0,0,0,0,0,0,0,0,0
burner_inserter_from_turbo_underground_belt_to_transport_belt_circuit_enabled,0,0,0,0,0,0,0,0,0,0,0,0,0
burner_inserter_from_turbo_underground_belt_to_turbo_transport_belt,0,0,0,0,0,0,0,0,0,0,0,0,0
burner_inserter_from_turbo_underground_belt_to_turbo_transport_belt_circuit_enabled,0,0,0,0,0,0,0,0,0,0,0,0,0
burner_inserter_from_turbo_underground_belt_to_turbo_underground_belt,0,0,0,0,0,0,0,0,0,0,0,0,0
burner_inserter_to_assembling_machine_3_chemical_science_pack,0,0,0,0,0,0,0,0,0,0,0,0,0
burner_inserter_to_assembling_machine_3_chemical_science_pack_circuit_enabled,0,0,0,0,0,0,0,0,0,0,0,0,0
burner_inserter_to_assembling_machine_3_engine_unit,0,0,0,0,0,0,0,0,0,0,0,0,0
burner_inserter_to_assembling_machine_3_iron_gear_wheel,0,0,0,0,0,0,0,0,0,0,0,0,0
burner_inserter_to_assembling_machine_3_pipe,0,0,0,0,0,0,0,0,0,0,0,0,0
burner_inserter_to_belt,0,0,0,0,0,0,0,0,0,0,0,0,0
burner_inserter_to_belt_circuit_enabled,0,0,0,0,0,0,0,0,0,0,0,0,0
burner_inserter_to_building,0,0,0,0,0,0,0,0,0,0,0,0,0
burner_inserter_to_building_circuit_enabled,0,0,0,0,0,0,0,0,0,0,0,0,0
burner_inserter_to_chemical_plant_plastic_bar,0,0,0,0,0,0,0,0,0,0,0,0,0
burner_inserter_to_chemical_plant_plastic_bar_circuit_enabled,0,0,0,0,0,0,0,0,0,0,0,0,0
burner_inserter_to_chest,0,0,0,0,0,0,0,0,0,0,0,0,0
burner_inserter_to_chest_circuit_enabled,0,0,0,0,0,0,0,0,0,0,0,0,0
burner_inserter_to_electromagnetic_plant_advanced_circuit,0,0,0,0,0,0,0,0,0,0,0,0,0
burner_inserter_to_electromagnetic_plant_advanced_circuit_circuit_enabled,0,0,0,0,0,0,0,0,0,0,0,0,0
burner_inserter_to_electromagnetic_plant_copper_cable,0,0,0,0,0,0,0,0,0,0,0,0,0
burner_inserter_to_electromagnetic_plant_copper_cable_circuit_enabled,0,0,0,0,0,0,0,0,0,0,0,0,0
burner_inserter_to_electromagnetic_plant_electronic_circuit,0,0,0,0,0,0,0,0,0,0,0,0,0
burner_inserter_to_electromagnetic_plant_electronic_circuit_circuit_enabled,0,0,0,0,0,0,0,0,0,0,0,0,0
burner_inserter_to_express_transport_belt,0,0,0,0,0,0,0,0,0,0,0,0,0
burner_inserter_to_express_transport_belt_circuit_enabled,0,0,0,0,0,0,0,0,0,0,0,0,0
burner_inserter_to_express_underground_belt,0,0,0,0,0,0,0,0,0,0,0,0,0
burner_inserter_to_express_underground_belt_circuit_enabled,0,0,0,0,0,0,0,0,0,0,0,0,0
burner_inserter_to_fast_transport_belt,0,0,0,0,0,0,0,0,0,0,0,0,0
burner_inserter_to_fast_transport_belt_circuit_enabled,0,0,0,0,0,0,0,0,0,0,0,0,0
burner_inserter_to_steel_chest,0,0,0,0,0,0,0,0,0,0,0,0,0
burner_inserter_to_steel_chest_circuit_enabled,0,0,0,0,0,0,0,0,0,0,0,0,0
burner_inserter_to_stone_furnace_undefined,0,0,0,0,0,0,0,0,0,0,0,0,0
burner_inserter_to_stone_furnace_undefined_circuit_enabled,0,0,0,0,0,0,0,0,0,0,0,0,0
burner_inserter_to_transport_belt,0,0,0,0,0,0,0,0,0,0,0,0,0
burner_inserter_to_transport_belt_circuit_enabled,0,0,0,0,0,0,0,0,0,0,0,0,0
burner_inserter_to_turbo_transport_belt,0,0,0,0,0,0,0,0,0,0,0,0,0
burner_inserter_to_turbo_transport_belt_circuit_enabled,0,0,0,0,0,0,0,0,0,0,0,0,0
burner_inserter_to_turbo_underground_belt,0,0,0,0,0,0,0,0,0,0,0,0,0
burner_inserter_to_turbo_underground_belt_circuit_enabled,0,0,0,0,0,0,0,0,0,0,0,0,0
cargo_wagon,0,4,0,0,0,0,0,8,0,0,8,0,0
chemical_plant,0,0,0,0,0,32,0,0,0,0,0,0,0
chemical_plant_circuit_enabled,0,0,0,0,0,0,0,0,0,0,0,0,0
constant_combinator,68,28,44,46,68,12,59,0,46,0,0,0,10
cryogenic_plant,6,5,6,6,6,2,5,10,6,6,10,10,4
cryogenic_plant_circuit_enabled,0,0,0,0,0,0,0,0,0,0,0,0,0
decider_combinator,22,26,40,40,22,28,20,24,38,24,22,0,0
display_panel,2,1,4,4,2,2,0,0,6,0,0,0,0
ee_infinity_loader,2,1,2,2,2,6,0,2,2,4,2,0,2
ee_infinity_pipe,8,0,8,8,8,0,0,0,8,0,0,0,8
electric_energy_interface,0,0,0,0,0,2,0,0,0,0,0,0,0
electromagnetic_plant,12,12,12,12,12,64,9,12,12,10,12,10,16
electromagnetic_plant_circuit_enabled,0,0,0,0,0,0,0,0,0,0,0,0,0
express_splitter,0,0,0,0,0,0,0,0,0,0,0,0,0
express_transport_belt,0,0,0,0,0,0,0,0,0,0,0,0,0
express_transport_belt_circuit_enabled,0,0,0,0,0,0,0,0,0,0,0,0,0
express_underground_belt,4,0,4,4,4,0,0,0,4,0,0,0,0
fast_transport_belt,0,0,0,0,0,0,0,0,0,0,0,0,0
foundry,26,21,20,20,26,46,9,76,20,48,76,24,14
foundry_circuit_enabled,0,0,0,0,0,0,0,0,0,0,0,0,0
foundry_set_recipe,0,10,10,10,0,16,0,0,10,0,0,0,0
infinity_chest,0,2,2,2,0,0,2,0,2,0,0,10,2
infinity_pipe,0,4,0,0,0,8,0,8,0,8,8,0,0
inserter_all,282,252,258,258,282,600,229,314,258,326,314,288,294
inserter_all_chest_to_chest,0,6,0,0,0,0,0,0,0,0,0,0,0
inserter_all_chest_to_chest_circuit_enabled,0,0,0,0,0,0,0,0,0,0,0,0,0
inserter_all_direct_insertion,120,24,40,40,120,416,64,192,40,164,192,112,4
inserter_all_direct_insertion_circuit_enabled,112,16,40,40,112,416,60,188,40,164,188,16,0
inserter_all_direction_insertion_percent,85.1063829787234,9.523809523809524,31.007751937984494,31.007751937984494,85.1063829787234,138.66666666666669,27.947598253275107,122.29299363057325,31.007751937984494,100.61349693251533,122.29299363057325,38.88888888888889,2.7210884353741496
inserter_all_from_assembling_machine_3_advanced_circuit,0,0,0,0,0,0,0,0,0,0,0,0,0
inserter_all_from_assembling_machine_3_advanced_circuit_circuit_enabled,0,0,0,0,0,0,0,0,0,0,0,0,0
inserter_all_from_assembling_machine_3_advanced_circuit_to_cargo_wagon,0,0,0,0,0,0,0,0,0,0,0,0,0
inserter_all_from_assembling_machine_3_advanced_circuit_to_cargo_wagon_circuit_enabled,0,0,0,0,0,0,0,0,0,0,0,0,0
inserter_all_from_assembling_machine_3_chemical_science_pack,44,44,44,44,44,64,44,44,44,44,44,44,48
inserter_all_from_assembling_machine_3_chemical_science_pack_circuit_enabled,44,44,44,44,44,64,44,0,44,0,0,0,0
inserter_all_from_assembling_machine_3_chemical_science_pack_circuit_set_filters,0,0,0,0,0,0,0,44,0,44,44,0,0
inserter_all_from_assembling_machine_3_chemical_science_pack_to_cargo_wagon,0,0,0,0,0,0,0,0,0,0,0,0,0
inserter_all_from_assembling_machine_3_chemical_science_pack_to_cargo_wagon_circuit_enabled,0,0,0,0,0,0,0,0,0,0,0,0,0
inserter_all_from_assembling_machine_3_chemical_science_pack_to_express_underground_belt,0,0,0,0,0,0,0,0,0,0,0,0,0
inserter_all_from_assembling_machine_3_chemical_science_pack_to_express_underground_belt_circuit_enabled,0,0,0,0,0,0,0,0,0,0,0,0,0
inserter_all_from_assembling_machine_3_chemical_science_pack_to_turbo_transport_belt,44,42,44,44,44,0,44,0,44,40,0,44,48
inserter_all_from_assembling_machine_3_chemical_science_pack_to_turbo_transport_belt_circuit_enabled,44,42,44,44,44,0,44,0,44,0,0,0,0
inserter_all_from_assembling_machine_3_chemical_science_pack_to_turbo_transport_belt_circuit_set_filters,0,0,0,0,0,0,0,0,0,40,0,0,0
inserter_all_from_assembling_machine_3_chemical_science_pack_to_turbo_underground_belt,0,2,0,0,0,64,0,44,0,4,44,0,0
inserter_all_from_assembling_machine_3_chemical_science_pack_to_turbo_underground_belt_circuit_enabled,0,2,0,0,0,64,0,0,0,0,0,0,0
inserter_all_from_assembling_machine_3_chemical_science_pack_to_turbo_underground_belt_circuit_set_filters,0,0,0,0,0,0,0,44,0,4,44,0,0
inserter_all_from_assembling_machine_3_copper_cable,0,0,0,0,0,0,0,0,0,0,0,0,0
inserter_all_from_assembling_machine_3_copper_cable_circuit_enabled,0,0,0,0,0,0,0,0,0,0,0,0,0
inserter_all_from_assembling_machine_3_copper_cable_to_turbo_transport_belt,0,0,0,0,0,0,0,0,0,0,0,0,0
inserter_all_from_assembling_machine_3_copper_cable_to_turbo_transport_belt_circuit_enabled,0,0,0,0,0,0,0,0,0,0,0,0,0
inserter_all_from_assembling_machine_3_electronic_circuit,0,0,0,0,0,0,0,0,0,0,0,0,0
inserter_all_from_assembling_machine_3_electronic_circuit_circuit_enabled,0,0,0,0,0,0,0,0,0,0,0,0,0
inserter_all_from_assembling_machine_3_electronic_circuit_to_assembling_machine_3_advanced_circuit,0,0,0,0,0,0,0,0,0,0,0,0,0
inserter_all_from_assembling_machine_3_electronic_circuit_to_assembling_machine_3_advanced_circuit_circuit_enabled,0,0,0,0,0,0,0,0,0,0,0,0,0
inserter_all_from_assembling_machine_3_electronic_circuit_to_turbo_underground_belt,0,0,0,0,0,0,0,0,0,0,0,0,0
inserter_all_from_assembling_machine_3_electronic_circuit_to_turbo_underground_belt_circuit_enabled,0,0,0,0,0,0,0,0,0,0,0,0,0
inserter_all_from_assembling_machine_3_engine_unit,44,20,20,20,44,64,44,44,20,44,44,44,20
inserter_all_from_assembling_machine_3_engine_unit_circuit_enabled,44,20,20,20,44,64,44,44,20,44,44,0,0
inserter_all_from_assembling_machine_3_engine_unit_circuit_set_filters,0,0,0,0,0,0,0,0,20,0,0,0,0
inserter_all_from_assembling_machine_3_engine_unit_to_assembling_machine_3_chemical_science_pack,44,0,0,0,44,64,44,44,0,44,44,44,0
inserter_all_from_assembling_machine_3_engine_unit_to_assembling_machine_3_chemical_science_pack_circuit_enabled,44,0,0,0,44,64,44,44,0,44,44,0,0
inserter_all_from_assembling_machine_3_engine_unit_to_cargo_wagon,0,0,0,0,0,0,0,0,0,0,0,0,0
inserter_all_from_assembling_machine_3_engine_unit_to_steel_chest,0,0,0,0,0,0,0,0,0,0,0,0,0
inserter_all_from_assembling_machine_3_engine_unit_to_steel_chest_circuit_enabled,0,0,0,0,0,0,0,0,0,0,0,0,0
inserter_all_from_assembling_machine_3_engine_unit_to_turbo_transport_belt,0,20,20,20,0,0,0,0,20,0,0,0,20
inserter_all_from_assembling_machine_3_engine_unit_to_turbo_transport_belt_circuit_enabled,0,20,20,20,0,0,0,0,20,0,0,0,0
inserter_all_from_assembling_machine_3_engine_unit_to_turbo_transport_belt_circuit_set_filters,0,0,0,0,0,0,0,0,20,0,0,0,0
inserter_all_from_assembling_machine_3_engine_unit_to_turbo_underground_belt,0,0,0,0,0,0,0,0,0,0,0,0,0
inserter_all_from_assembling_machine_3_engine_unit_to_turbo_underground_belt_circuit_enabled,0,0,0,0,0,0,0,0,0,0,0,0,0
inserter_all_from_assembling_machine_3_iron_gear_wheel,0,0,0,0,0,0,0,0,0,0,0,0,0
inserter_all_from_assembling_machine_3_iron_gear_wheel_to_turbo_underground_belt,0,0,0,0,0,0,0,0,0,0,0,0,0
inserter_all_from_assembling_machine_3_pipe,0,0,0,0,0,0,0,0,0,0,0,0,0
inserter_all_from_assembling_machine_3_pipe_to_express_underground_belt,0,0,0,0,0,0,0,0,0,0,0,0,0
inserter_all_from_assembling_machine_3_pipe_to_turbo_transport_belt,0,0,0,0,0,0,0,0,0,0,0,0,0
inserter_all_from_assembling_machine_3_pipe_to_turbo_underground_belt,0,0,0,0,0,0,0,0,0,0,0,0,0
inserter_all_from_belt,100,92,100,100,100,104,100,44,100,100,44,104,170
inserter_all_from_belt_circuit_enabled,100,88,100,100,100,96,100,44,100,100,44,8,0
inserter_all_from_belt_circuit_set_filters,0,0,0,0,0,0,88,0,0,0,0,0,0
inserter_all_from_building,182,126,138,138,182,488,129,262,138,226,262,176,124
inserter_all_from_building_circuit_enabled,164,96,112,112,164,480,110,204,112,172,204,24,0
inserter_all_from_building_circuit_set_filters,0,20,20,20,0,0,0,44,40,44,44,0,0
inserter_all_from_cargo_wagon,0,4,0,0,0,0,0,8,0,0,8,0,0
inserter_all_from_cargo_wagon_circuit_enabled,0,4,0,0,0,0,0,0,0,0,0,0,0
inserter_all_from_cargo_wagon_circuit_set_filters,0,0,0,0,0,0,0,0,0,0,0,0,0
inserter_all_from_cargo_wagon_to_assembling_machine_3_chemical_science_pack,0,0,0,0,0,0,0,0,0,0,0,0,0
inserter_all_from_cargo_wagon_to_assembling_machine_3_chemical_science_pack_circuit_enabled,0,0,0,0,0,0,0,0,0,0,0,0,0
inserter_all_from_cargo_wagon_to_assembling_machine_3_engine_unit,0,0,0,0,0,0,0,0,0,0,0,0,0
inserter_all_from_cargo_wagon_to_assembling_machine_3_engine_unit_circuit_enabled,0,0,0,0,0,0,0,0,0,0,0,0,0
inserter_all_from_cargo_wagon_to_assembling_machine_3_engine_unit_circuit_set_filters,0,0,0,0,0,0,0,0,0,0,0,0,0
inserter_all_from_cargo_wagon_to_cargo_wagon,0,0,0,0,0,0,0,0,0,0,0,0,0
inserter_all_from_cargo_wagon_to_cargo_wagon_circuit_enabled,0,0,0,0,0,0,0,0,0,0,0,0,0
inserter_all_from_cargo_wagon_to_electromagnetic_plant_advanced_circuit,0,4,0,0,0,0,0,8,0,0,8,0,0
inserter_all_from_cargo_wagon_to_electromagnetic_plant_advanced_circuit_circuit_enabled,0,4,0,0,0,0,0,0,0,0,0,0,0
inserter_all_from_cargo_wagon_to_electromagnetic_plant_electronic_circuit,0,0,0,0,0,0,0,0,0,0,0,0,0
inserter_all_from_cargo_wagon_to_electromagnetic_plant_electronic_circuit_circuit_enabled,0,0,0,0,0,0,0,0,0,0,0,0,0
inserter_all_from_cargo_wagon_to_turbo_transport_belt,0,0,0,0,0,0,0,0,0,0,0,0,0
inserter_all_from_cargo_wagon_to_turbo_transport_belt_circuit_enabled,0,0,0,0,0,0,0,0,0,0,0,0,0
inserter_all_from_chemical_plant_plastic_bar,0,0,0,0,0,32,0,0,0,0,0,0,0
inserter_all_from_chemical_plant_plastic_bar_circuit_enabled,0,0,0,0,0,32,0,0,0,0,0,0,0
inserter_all_from_chemical_plant_plastic_bar_to_cargo_wagon,0,0,0,0,0,0,0,0,0,0,0,0,0
inserter_all_from_chemical_plant_plastic_bar_to_cargo_wagon_circuit_enabled,0,0,0,0,0,0,0,0,0,0,0,0,0
inserter_all_from_chemical_plant_plastic_bar_to_electromagnetic_plant_advanced_circuit,0,0,0,0,0,32,0,0,0,0,0,0,0
inserter_all_from_chemical_plant_plastic_bar_to_electromagnetic_plant_advanced_circuit_circuit_enabled,0,0,0,0,0,32,0,0,0,0,0,0,0
inserter_all_from_chemical_plant_sulfur,0,0,0,0,0,0,0,0,0,0,0,0,0
inserter_all_from_chemical_plant_sulfur_circuit_enabled,0,0,0,0,0,0,0,0,0,0,0,0,0
inserter_all_from_chemical_plant_sulfur_to_turbo_underground_belt,0,0,0,0,0,0,0,0,0,0,0,0,0
inserter_all_from_chemical_plant_sulfur_to_turbo_underground_belt_circuit_enabled,0,0,0,0,0,0,0,0,0,0,0,0,0
inserter_all_from_chest,0,34,20,20,0,8,0,8,20,0,8,8,0
inserter_all_from_chest_circuit_enabled,0,28,20,20,0,0,0,0,20,0,0,0,0
inserter_all_from_chest_circuit_set_filters,0,0,0,0,0,0,0,0,0,0,0,0,0
inserter_all_from_cryogenic_plant_plastic_bar,8,8,8,8,8,0,8,8,8,8,8,8,4
inserter_all_from_cryogenic_plant_plastic_bar_circuit_enabled,8,8,8,8,8,0,8,8,8,8,8,8,0
inserter_all_from_cryogenic_plant_plastic_bar_to_assembling_machine_3_advanced_circuit,0,0,0,0,0,0,0,0,0,0,0,0,0
inserter_all_from_cryogenic_plant_plastic_bar_to_assembling_machine_3_advanced_circuit_circuit_enabled,0,0,0,0,0,0,0,0,0,0,0,0,0
inserter_all_from_cryogenic_plant_plastic_bar_to_cargo_wagon,0,0,0,0,0,0,0,0,0,0,0,0,0
inserter_all_from_cryogenic_plant_plastic_bar_to_cargo_wagon_circuit_enabled,0,0,0,0,0,0,0,0,0,0,0,0,0
inserter_all_from_cryogenic_plant_plastic_bar_to_electromagnetic_plant_advanced_circuit,8,8,8,8,8,0,8,8,8,8,8,8,0
inserter_all_from_cryogenic_plant_plastic_bar_to_electromagnetic_plant_advanced_circuit_circuit_enabled,8,8,8,8,8,0,8,8,8,8,8,8,0
inserter_all_from_cryogenic_plant_plastic_bar_to_turbo_transport_belt,0,0,0,0,0,0,0,0,0,0,0,0,4
inserter_all_from_cryogenic_plant_plastic_bar_to_turbo_transport_belt_circuit_enabled,0,0,0,0,0,0,0,0,0,0,0,0,0
inserter_all_from_cryogenic_plant_sulfur,2,2,2,2,2,8,2,2,2,2,2,4,4
inserter_all_from_cryogenic_plant_sulfur_circuit_enabled,0,0,0,0,0,0,0,0,0,0,0,0,0
inserter_all_from_cryogenic_plant_sulfur_to_assembling_machine_3_chemical_science_pack,0,0,0,0,0,0,0,0,0,0,0,0,0
inserter_all_from_cryogenic_plant_sulfur_to_assembling_machine_3_chemical_science_pack_circuit_enabled,0,0,0,0,0,0,0,0,0,0,0,0,0
inserter_all_from_cryogenic_plant_sulfur_to_cargo_wagon,0,0,0,0,0,0,0,0,0,0,0,0,0
inserter_all_from_cryogenic_plant_sulfur_to_turbo_transport_belt,2,2,2,2,2,8,2,2,2,0,2,2,4
inserter_all_from_cryogenic_plant_sulfur_to_turbo_transport_belt_circuit_enabled,0,0,0,0,0,0,0,0,0,0,0,0,0
inserter_all_from_cryogenic_plant_sulfur_to_turbo_underground_belt,0,0,0,0,0,0,0,0,0,2,0,2,0
inserter_all_from_cryogenic_plant_sulfur_to_turbo_underground_belt_circuit_enabled,0,0,0,0,0,0,0,0,0,0,0,0,0
inserter_all_from_electromagnetic_plant_advanced_circuit,8,8,8,8,8,64,8,8,8,8,8,8,12
inserter_all_from_electromagnetic_plant_advanced_circuit_circuit_enabled,8,8,8,8,8,64,6,8,8,8,8,8,0
inserter_all_from_electromagnetic_plant_advanced_circuit_to_assembling_machine_3_chemical_science_pack,0,0,0,0,0,64,0,0,0,0,0,0,0
inserter_all_from_electromagnetic_plant_advanced_circuit_to_assembling_machine_3_chemical_science_pack_circuit_enabled,0,0,0,0,0,64,0,0,0,0,0,0,0
inserter_all_from_electromagnetic_plant_advanced_circuit_to_cargo_wagon,0,0,0,0,0,0,0,0,0,0,0,0,0
inserter_all_from_electromagnetic_plant_advanced_circuit_to_cargo_wagon_circuit_enabled,0,0,0,0,0,0,0,0,0,0,0,0,0
inserter_all_from_electromagnetic_plant_advanced_circuit_to_express_underground_belt,0,0,0,0,0,0,0,0,0,0,0,0,0
inserter_all_from_electromagnetic_plant_advanced_circuit_to_express_underground_belt_circuit_enabled,0,0,0,0,0,0,0,0,0,0,0,0,0
inserter_all_from_electromagnetic_plant_advanced_circuit_to_turbo_transport_belt,8,6,8,8,8,0,8,8,8,4,8,8,12
inserter_all_from_electromagnetic_plant_advanced_circuit_to_turbo_transport_belt_circuit_enabled,8,6,8,8,8,0,6,8,8,4,8,8,0
inserter_all_from_electromagnetic_plant_advanced_circuit_to_turbo_underground_belt,0,2,0,0,0,0,0,0,0,4,0,0,0
inserter_all_from_electromagnetic_plant_advanced_circuit_to_turbo_underground_belt_circuit_enabled,0,2,0,0,0,0,0,0,0,4,0,0,0
inserter_all_from_electromagnetic_plant_copper_cable,0,0,0,0,0,0,0,0,0,0,0,0,0
inserter_all_from_electromagnetic_plant_copper_cable_circuit_enabled,0,0,0,0,0,0,0,0,0,0,0,0,0
inserter_all_from_electromagnetic_plant_copper_cable_to_cargo_wagon,0,0,0,0,0,0,0,0,0,0,0,0,0
inserter_all_from_electromagnetic_plant_copper_cable_to_electromagnetic_plant_advanced_circuit,0,0,0,0,0,0,0,0,0,0,0,0,0
inserter_all_from_electromagnetic_plant_copper_cable_to_electromagnetic_plant_advanced_circuit_circuit_enabled,0,0,0,0,0,0,0,0,0,0,0,0,0
inserter_all_from_electromagnetic_plant_copper_cable_to_electromagnetic_plant_electronic_circuit,0,0,0,0,0,0,0,0,0,0,0,0,0
inserter_all_from_electromagnetic_plant_copper_cable_to_electromagnetic_plant_electronic_circuit_circuit_enabled,0,0,0,0,0,0,0,0,0,0,0,0,0
inserter_all_from_electromagnetic_plant_electronic_circuit,4,8,4,4,4,32,4,8,4,4,8,4,4
inserter_all_from_electromagnetic_plant_electronic_circuit_circuit_enabled,0,8,0,0,0,32,0,8,0,0,8,0,0
inserter_all_from_electromagnetic_plant_electronic_circuit_to_cargo_wagon,0,4,0,0,0,0,0,8,0,0,8,0,0
inserter_all_from_electromagnetic_plant_electronic_circuit_to_cargo_wagon_circuit_enabled,0,4,0,0,0,0,0,8,0,0,8,0,0
inserter_all_from_electromagnetic_plant_electronic_circuit_to_electromagnetic_plant_advanced_circuit,0,0,0,0,0,32,0,0,0,0,0,0,0
inserter_all_from_electromagnetic_plant_electronic_circuit_to_electromagnetic_plant_advanced_circuit_circuit_enabled,0,0,0,0,0,32,0,0,0,0,0,0,0
inserter_all_from_electromagnetic_plant_electronic_circuit_to_steel_chest,0,4,0,0,0,0,0,0,0,0,0,0,0
inserter_all_from_electromagnetic_plant_electronic_circuit_to_steel_chest_circuit_enabled,0,4,0,0,0,0,0,0,0,0,0,0,0
inserter_all_from_electromagnetic_plant_electronic_circuit_to_turbo_transport_belt,4,0,4,4,4,0,4,0,4,4,0,0,4
inserter_all_from_electromagnetic_plant_electronic_circuit_to_turbo_underground_belt,0,0,0,0,0,0,0,0,0,0,0,4,0
inserter_all_from_express_underground_belt,0,0,0,0,0,0,0,0,0,0,0,0,0
inserter_all_from_express_underground_belt_circuit_enabled,0,0,0,0,0,0,0,0,0,0,0,0,0
inserter_all_from_express_underground_belt_to_assembling_machine_3_chemical_science_pack,0,0,0,0,0,0,0,0,0,0,0,0,0
inserter_all_from_express_underground_belt_to_assembling_machine_3_chemical_science_pack_circuit_enabled,0,0,0,0,0,0,0,0,0,0,0,0,0
inserter_all_from_express_underground_belt_to_assembling_machine_3_engine_unit,0,0,0,0,0,0,0,0,0,0,0,0,0
inserter_all_from_express_underground_belt_to_assembling_machine_3_engine_unit_circuit_enabled,0,0,0,0,0,0,0,0,0,0,0,0,0
inserter_all_from_express_underground_belt_to_turbo_transport_belt,0,0,0,0,0,0,0,0,0,0,0,0,0
inserter_all_from_fast_transport_belt,0,0,0,0,0,0,0,0,0,0,0,0,0
inserter_all_from_foundry_casting_copper,0,0,0,0,0,0,0,0,0,0,0,0,0
inserter_all_from_foundry_casting_copper_cable,20,12,28,28,20,96,11,12,28,22,12,14,16
inserter_all_from_foundry_casting_copper_cable_circuit_enabled,16,8,28,28,16,96,8,0,28,22,0,8,0
inserter_all_from_foundry_casting_copper_cable_to_assembling_machine_3_advanced_circuit,0,0,0,0,0,0,0,0,0,0,0,0,0
inserter_all_from_foundry_casting_copper_cable_to_assembling_machine_3_advanced_circuit_circuit_enabled,0,0,0,0,0,0,0,0,0,0,0,0,0
inserter_all_from_foundry_casting_copper_cable_to_assembling_machine_3_electronic_circuit,0,0,0,0,0,0,0,0,0,0,0,0,0
inserter_all_from_foundry_casting_copper_cable_to_assembling_machine_3_electronic_circuit_circuit_enabled,0,0,0,0,0,0,0,0,0,0,0,0,0
inserter_all_from_foundry_casting_copper_cable_to_cargo_wagon,0,0,0,0,0,0,0,8,0,0,8,0,0
inserter_all_from_foundry_casting_copper_cable_to_cargo_wagon_circuit_enabled,0,0,0,0,0,0,0,0,0,0,0,0,0
inserter_all_from_foundry_casting_copper_cable_to_electromagnetic_plant_advanced_circuit,16,8,16,16,16,64,8,0,16,16,0,8,0
inserter_all_from_foundry_casting_copper_cable_to_electromagnetic_plant_advanced_circuit_circuit_enabled,16,8,16,16,16,64,8,0,16,16,0,8,0
inserter_all_from_foundry_casting_copper_cable_to_electromagnetic_plant_electronic_circuit,4,4,12,12,4,32,3,4,12,6,4,6,0
inserter_all_from_foundry_casting_copper_cable_to_electromagnetic_plant_electronic_circuit_circuit_enabled,0,0,12,12,0,32,0,0,12,6,0,0,0
inserter_all_from_foundry_casting_copper_cable_to_turbo_transport_belt,0,0,0,0,0,0,0,0,0,0,0,0,16
inserter_all_from_foundry_casting_copper_circuit_enabled,0,0,0,0,0,0,0,0,0,0,0,0,0
inserter_all_from_foundry_casting_copper_to_assembling_machine_3_copper_cable,0,0,0,0,0,0,0,0,0,0,0,0,0
inserter_all_from_foundry_casting_copper_to_assembling_machine_3_copper_cable_circuit_enabled,0,0,0,0,0,0,0,0,0,0,0,0,0
inserter_all_from_foundry_casting_copper_to_electromagnetic_plant_copper_cable,0,0,0,0,0,0,0,0,0,0,0,0,0
inserter_all_from_foundry_casting_copper_to_turbo_transport_belt,0,0,0,0,0,0,0,0,0,0,0,0,0
inserter_all_from_foundry_casting_copper_to_turbo_transport_belt_circuit_enabled,0,0,0,0,0,0,0,0,0,0,0,0,0
inserter_all_from_foundry_casting_iron,4,4,4,4,4,32,1,4,4,2,4,2,4
inserter_all_from_foundry_casting_iron_circuit_enabled,0,0,4,4,0,32,0,4,4,2,4,0,0
inserter_all_from_foundry_casting_iron_gear_wheel,0,0,0,0,0,0,2,44,0,4,44,2,4
inserter_all_from_foundry_casting_iron_gear_wheel_circuit_enabled,0,0,0,0,0,0,0,44,0,0,44,0,0
inserter_all_from_foundry_casting_iron_gear_wheel_to_assembling_machine_3_engine_unit,0,0,0,0,0,0,0,44,0,0,44,0,0
inserter_all_from_foundry_casting_iron_gear_wheel_to_assembling_machine_3_engine_unit_circuit_enabled,0,0,0,0,0,0,0,44,0,0,44,0,0
inserter_all_from_foundry_casting_iron_gear_wheel_to_cargo_wagon,0,0,0,0,0,0,0,0,0,0,0,0,0
inserter_all_from_foundry_casting_iron_gear_wheel_to_turbo_transport_belt,0,0,0,0,0,0,2,0,0,0,0,2,4
inserter_all_from_foundry_casting_iron_gear_wheel_to_turbo_transport_belt_circuit_enabled,0,0,0,0,0,0,0,0,0,0,0,0,0
inserter_all_from_foundry_casting_iron_gear_wheel_to_turbo_underground_belt,0,0,0,0,0,0,0,0,0,4,0,0,0
inserter_all_from_foundry_casting_iron_to_assembling_machine_3_electronic_circuit,0,0,0,0,0,0,0,0,0,0,0,0,0
inserter_all_from_foundry_casting_iron_to_assembling_machine_3_electronic_circuit_circuit_enabled,0,0,0,0,0,0,0,0,0,0,0,0,0
inserter_all_from_foundry_casting_iron_to_electromagnetic_plant_electronic_circuit,4,4,4,4,4,32,1,4,4,2,4,2,4
inserter_all_from_foundry_casting_iron_to_electromagnetic_plant_electronic_circuit_circuit_enabled,0,0,4,4,0,32,0,4,4,2,4,0,0
inserter_all_from_foundry_casting_iron_to_turbo_transport_belt,0,0,0,0,0,0,0,0,0,0,0,0,0
inserter_all_from_foundry_casting_iron_to_turbo_transport_belt_circuit_enabled,0,0,0,0,0,0,0,0,0,0,0,0,0
inserter_all_from_foundry_casting_pipe,0,0,0,0,0,0,3,44,0,44,44,44,4
inserter_all_from_foundry_casting_pipe_circuit_enabled,0,0,0,0,0,0,0,44,0,44,44,0,0
inserter_all_from_foundry_casting_pipe_to_assembling_machine_3_engine_unit,0,0,0,0,0,0,0,44,0,44,44,44,0
inserter_all_from_foundry_casting_pipe_to_assembling_machine_3_engine_unit_circuit_enabled,0,0,0,0,0,0,0,44,0,44,44,0,0
inserter_all_from_foundry_casting_pipe_to_cargo_wagon,0,0,0,0,0,0,0,0,0,0,0,0,0
inserter_all_from_foundry_casting_pipe_to_cargo_wagon_circuit_enabled,0,0,0,0,0,0,0,0,0,0,0,0,0
inserter_all_from_foundry_casting_pipe_to_express_splitter,0,0,0,0,0,0,0,0,0,0,0,0,0
inserter_all_from_foundry_casting_pipe_to_express_transport_belt,0,0,0,0,0,0,0,0,0,0,0,0,0
inserter_all_from_foundry_casting_pipe_to_turbo_transport_belt,0,0,0,0,0,0,3,0,0,0,0,0,4
inserter_all_from_foundry_casting_pipe_to_turbo_transport_belt_circuit_enabled,0,0,0,0,0,0,0,0,0,0,0,0,0
inserter_all_from_foundry_casting_pipe_to_turbo_underground_belt,0,0,0,0,0,0,0,0,0,0,0,0,0
inserter_all_from_foundry_casting_pipe_to_turbo_underground_belt_circuit_enabled,0,0,0,0,0,0,0,0,0,0,0,0,0
inserter_all_from_foundry_casting_steel,0,0,0,0,0,0,2,44,0,44,44,2,4
inserter_all_from_foundry_casting_steel_circuit_enabled,0,0,0,0,0,0,0,44,0,44,44,0,0
inserter_all_from_foundry_casting_steel_to_assembling_machine_3_engine_unit,0,0,0,0,0,0,0,44,0,44,44,0,0
inserter_all_from_foundry_casting_steel_to_assembling_machine_3_engine_unit_circuit_enabled,0,0,0,0,0,0,0,44,0,44,44,0,0
inserter_all_from_foundry_casting_steel_to_cargo_wagon,0,0,0,0,0,0,0,0,0,0,0,0,0
inserter_all_from_foundry_casting_steel_to_cargo_wagon_circuit_enabled,0,0,0,0,0,0,0,0,0,0,0,0,0
inserter_all_from_foundry_casting_steel_to_turbo_transport_belt,0,0,0,0,0,0,2,0,0,0,0,2,4
inserter_all_from_foundry_casting_steel_to_turbo_transport_belt_circuit_enabled,0,0,0,0,0,0,0,0,0,0,0,0,0
inserter_all_from_foundry_set_recipe,48,20,20,20,48,96,0,0,20,0,0,0,0
inserter_all_from_foundry_set_recipe_circuit_enabled,44,0,0,0,44,96,0,0,0,0,0,0,0
inserter_all_from_foundry_set_recipe_circuit_set_filters,0,20,20,20,0,0,0,0,20,0,0,0,0
inserter_all_from_foundry_set_recipe_to_assembling_machine_3_engine_unit,44,0,0,0,44,96,0,0,0,0,0,0,0
inserter_all_from_foundry_set_recipe_to_assembling_machine_3_engine_unit_circuit_enabled,44,0,0,0,44,96,0,0,0,0,0,0,0
inserter_all_from_foundry_set_recipe_to_steel_chest,0,20,20,20,0,0,0,0,20,0,0,0,0
inserter_all_from_foundry_set_recipe_to_steel_chest_circuit_enabled,0,0,0,0,0,0,0,0,0,0,0,0,0
inserter_all_from_foundry_set_recipe_to_steel_chest_circuit_set_filters,0,20,20,20,0,0,0,0,20,0,0,0,0
inserter_all_from_foundry_set_recipe_to_turbo_transport_belt,4,0,0,0,4,0,0,0,0,0,0,0,0
inserter_all_from_infinity_chest,0,0,0,0,0,0,0,0,0,0,0,8,0
inserter_all_from_infinity_chest_to_turbo_transport_belt,0,0,0,0,0,0,0,0,0,0,0,4,0
inserter_all_from_infinity_chest_to_turbo_underground_belt,0,0,0,0,0,0,0,0,0,0,0,4,0
inserter_all_from_iron_chest,0,0,0,0,0,8,0,0,0,0,0,0,0
inserter_all_from_iron_chest_to_turbo_transport_belt,0,0,0,0,0,8,0,0,0,0,0,0,0
inserter_all_from_steel_chest,0,30,20,20,0,0,0,0,20,0,0,0,0
inserter_all_from_steel_chest_circuit_enabled,0,24,20,20,0,0,0,0,20,0,0,0,0
inserter_all_from_steel_chest_circuit_set_filters,0,0,0,0,0,0,0,0,0,0,0,0,0
inserter_all_from_steel_chest_to_assembling_machine_3_chemical_science_pack,0,0,0,0,0,0,0,0,0,0,0,0,0
inserter_all_from_steel_chest_to_assembling_machine_3_chemical_science_pack_circuit_enabled,0,0,0,0,0,0,0,0,0,0,0,0,0
inserter_all_from_steel_chest_to_assembling_machine_3_engine_unit,0,20,20,20,0,0,0,0,20,0,0,0,0
inserter_all_from_steel_chest_to_assembling_machine_3_engine_unit_circuit_enabled,0,20,20,20,0,0,0,0,20,0,0,0,0
inserter_all_from_steel_chest_to_assembling_machine_3_engine_unit_circuit_set_filters,0,0,0,0,0,0,0,0,0,0,0,0,0
inserter_all_from_steel_chest_to_electromagnetic_plant_advanced_circuit,0,4,0,0,0,0,0,0,0,0,0,0,0
inserter_all_from_steel_chest_to_electromagnetic_plant_advanced_circuit_circuit_enabled,0,4,0,0,0,0,0,0,0,0,0,0,0
inserter_all_from_steel_chest_to_steel_chest,0,6,0,0,0,0,0,0,0,0,0,0,0
inserter_all_from_steel_chest_to_steel_chest_circuit_enabled,0,0,0,0,0,0,0,0,0,0,0,0,0
inserter_all_from_stone_furnace_undefined,0,0,0,0,0,0,0,0,0,0,0,0,0
inserter_all_from_stone_furnace_undefined_circuit_enabled,0,0,0,0,0,0,0,0,0,0,0,0,0
inserter_all_from_stone_furnace_undefined_to_turbo_transport_belt,0,0,0,0,0,0,0,0,0,0,0,0,0
inserter_all_from_stone_furnace_undefined_to_turbo_transport_belt_circuit_enabled,0,0,0,0,0,0,0,0,0,0,0,0,0
inserter_all_from_stone_furnace_undefined_to_turbo_underground_belt,0,0,0,0,0,0,0,0,0,0,0,0,0
inserter_all_from_stone_furnace_undefined_to_turbo_underground_belt_circuit_enabled,0,0,0,0,0,0,0,0,0,0,0,0,0
inserter_all_from_turbo_splitter,0,0,0,0,0,0,0,0,0,0,0,0,0
inserter_all_from_turbo_transport_belt,100,90,100,100,100,40,88,44,100,96,44,8,166
inserter_all_from_turbo_transport_belt_circuit_enabled,100,88,100,100,100,32,88,44,100,96,44,0,0
inserter_all_from_turbo_transport_belt_circuit_set_filters,0,0,0,0,0,0,88,0,0,0,0,0,0
inserter_all_from_turbo_transport_belt_to_assembling_machine_3_chemical_science_pack,44,88,88,88,44,0,44,44,88,44,44,4,92
inserter_all_from_turbo_transport_belt_to_assembling_machine_3_chemical_science_pack_circuit_enabled,44,88,88,88,44,0,44,44,88,44,44,0,0
inserter_all_from_turbo_transport_belt_to_assembling_machine_3_chemical_science_pack_circuit_set_filters,0,0,0,0,0,0,44,0,0,0,0,0,0
inserter_all_from_turbo_transport_belt_to_assembling_machine_3_engine_unit,44,0,0,0,44,0,44,0,0,44,0,4,40
inserter_all_from_turbo_transport_belt_to_assembling_machine_3_engine_unit_circuit_enabled,44,0,0,0,44,0,44,0,0,44,0,0,0
inserter_all_from_turbo_transport_belt_to_assembling_machine_3_engine_unit_circuit_set_filters,0,0,0,0,0,0,44,0,0,0,0,0,0
inserter_all_from_turbo_transport_belt_to_cargo_wagon,0,0,0,0,0,0,0,0,0,0,0,0,0
inserter_all_from_turbo_transport_belt_to_chemical_plant_plastic_bar,0,0,0,0,0,32,0,0,0,0,0,0,0
inserter_all_from_turbo_transport_belt_to_chemical_plant_plastic_bar_circuit_enabled,0,0,0,0,0,32,0,0,0,0,0,0,0
inserter_all_from_turbo_transport_belt_to_cryogenic_plant_plastic_bar,4,2,4,4,4,0,0,0,4,0,0,0,2
inserter_all_from_turbo_transport_belt_to_cryogenic_plant_plastic_bar_circuit_enabled,4,0,4,4,4,0,0,0,4,0,0,0,0
inserter_all_from_turbo_transport_belt_to_electromagnetic_plant_advanced_circuit,8,0,8,8,8,0,0,0,8,8,0,0,24
inserter_all_from_turbo_transport_belt_to_electromagnetic_plant_advanced_circuit_circuit_enabled,8,0,8,8,8,0,0,0,8,8,0,0,0
inserter_all_from_turbo_transport_belt_to_electromagnetic_plant_copper_cable,0,0,0,0,0,0,0,0,0,0,0,0,0
inserter_all_from_turbo_transport_belt_to_electromagnetic_plant_copper_cable_circuit_enabled,0,0,0,0,0,0,0,0,0,0,0,0,0
inserter_all_from_turbo_transport_belt_to_electromagnetic_plant_electronic_circuit,0,0,0,0,0,0,0,0,0,0,0,0,8
inserter_all_from_turbo_transport_belt_to_electromagnetic_plant_electronic_circuit_circuit_enabled,0,0,0,0,0,0,0,0,0,0,0,0,0
inserter_all_from_turbo_transport_belt_to_express_transport_belt,0,0,0,0,0,0,0,0,0,0,0,0,0
inserter_all_from_turbo_transport_belt_to_express_transport_belt_circuit_enabled,0,0,0,0,0,0,0,0,0,0,0,0,0
inserter_all_from_turbo_transport_belt_to_fast_transport_belt,0,0,0,0,0,0,0,0,0,0,0,0,0
inserter_all_from_turbo_transport_belt_to_fast_transport_belt_circuit_enabled,0,0,0,0,0,0,0,0,0,0,0,0,0
inserter_all_from_turbo_transport_belt_to_foundry_molten_copper,0,0,0,0,0,0,0,0,0,0,0,0,0
inserter_all_from_turbo_transport_belt_to_foundry_molten_copper_circuit_enabled,0,0,0,0,0,0,0,0,0,0,0,0,0
inserter_all_from_turbo_transport_belt_to_foundry_molten_iron,0,0,0,0,0,0,0,0,0,0,0,0,0
inserter_all_from_turbo_transport_belt_to_foundry_molten_iron_circuit_enabled,0,0,0,0,0,0,0,0,0,0,0,0,0
inserter_all_from_turbo_transport_belt_to_infinity_chest,0,0,0,0,0,0,0,0,0,0,0,0,0
inserter_all_from_turbo_transport_belt_to_iron_chest,0,0,0,0,0,8,0,0,0,0,0,0,0
inserter_all_from_turbo_transport_belt_to_steel_chest,0,0,0,0,0,0,0,0,0,0,0,0,0
inserter_all_from_turbo_transport_belt_to_steel_chest_circuit_enabled,0,0,0,0,0,0,0,0,0,0,0,0,0
inserter_all_from_turbo_transport_belt_to_transport_belt,0,0,0,0,0,0,0,0,0,0,0,0,0
inserter_all_from_turbo_transport_belt_to_transport_belt_circuit_enabled,0,0,0,0,0,0,0,0,0,0,0,0,0
inserter_all_from_turbo_transport_belt_to_turbo_transport_belt,0,0,0,0,0,0,0,0,0,0,0,0,0
inserter_all_from_turbo_transport_belt_to_turbo_transport_belt_circuit_enabled,0,0,0,0,0,0,0,0,0,0,0,0,0
inserter_all_from_turbo_transport_belt_to_turbo_underground_belt,0,0,0,0,0,0,0,0,0,0,0,0,0
inserter_all_from_turbo_transport_belt_to_turbo_underground_belt_circuit_enabled,0,0,0,0,0,0,0,0,0,0,0,0,0
inserter_all_from_turbo_underground_belt,0,2,0,0,0,64,12,0,0,4,0,96,4
inserter_all_from_turbo_underground_belt_circuit_enabled,0,0,0,0,0,64,12,0,0,4,0,8,0
inserter_all_from_turbo_underground_belt_to_assembling_machine_3_chemical_science_pack,0,0,0,0,0,64,0,0,0,0,0,40,4
inserter_all_from_turbo_underground_belt_to_assembling_machine_3_chemical_science_pack_circuit_enabled,0,0,0,0,0,64,0,0,0,0,0,0,0
inserter_all_from_turbo_underground_belt_to_assembling_machine_3_engine_unit,0,0,0,0,0,0,0,0,0,0,0,40,0
inserter_all_from_turbo_underground_belt_to_assembling_machine_3_engine_unit_circuit_enabled,0,0,0,0,0,0,0,0,0,0,0,0,0
inserter_all_from_turbo_underground_belt_to_assembling_machine_3_iron_gear_wheel,0,0,0,0,0,0,0,0,0,0,0,0,0
inserter_all_from_turbo_underground_belt_to_assembling_machine_3_pipe,0,0,0,0,0,0,0,0,0,0,0,0,0
inserter_all_from_turbo_underground_belt_to_cargo_wagon,0,0,0,0,0,0,0,0,0,0,0,0,0
inserter_all_from_turbo_underground_belt_to_chemical_plant_plastic_bar,0,0,0,0,0,0,0,0,0,0,0,0,0
inserter_all_from_turbo_underground_belt_to_chemical_plant_plastic_bar_circuit_enabled,0,0,0,0,0,0,0,0,0,0,0,0,0
inserter_all_from_turbo_underground_belt_to_cryogenic_plant_plastic_bar,0,2,0,0,0,0,4,0,0,4,0,8,0
inserter_all_from_turbo_underground_belt_to_cryogenic_plant_plastic_bar_circuit_enabled,0,0,0,0,0,0,4,0,0,4,0,0,0
inserter_all_from_turbo_underground_belt_to_electromagnetic_plant_advanced_circuit,0,0,0,0,0,0,8,0,0,0,0,8,0
inserter_all_from_turbo_underground_belt_to_electromagnetic_plant_advanced_circuit_circuit_enabled,0,0,0,0,0,0,8,0,0,0,0,8,0
inserter_all_from_turbo_underground_belt_to_electromagnetic_plant_copper_cable,0,0,0,0,0,0,0,0,0,0,0,0,0
inserter_all_from_turbo_underground_belt_to_electromagnetic_plant_copper_cable_circuit_enabled,0,0,0,0,0,0,0,0,0,0,0,0,0
inserter_all_from_turbo_underground_belt_to_electromagnetic_plant_electronic_circuit,0,0,0,0,0,0,0,0,0,0,0,0,0
inserter_all_from_turbo_underground_belt_to_electromagnetic_plant_electronic_circuit_circuit_enabled,0,0,0,0,0,0,0,0,0,0,0,0,0
inserter_all_from_turbo_underground_belt_to_foundry_molten_copper,0,0,0,0,0,0,0,0,0,0,0,0,0
inserter_all_from_turbo_underground_belt_to_foundry_molten_copper_circuit_enabled,0,0,0,0,0,0,0,0,0,0,0,0,0
inserter_all_from_turbo_underground_belt_to_foundry_molten_iron,0,0,0,0,0,0,0,0,0,0,0,0,0
inserter_all_from_turbo_underground_belt_to_foundry_molten_iron_circuit_enabled,0,0,0,0,0,0,0,0,0,0,0,0,0
inserter_all_from_turbo_underground_belt_to_stone_furnace_undefined,0,0,0,0,0,0,0,0,0,0,0,0,0
inserter_all_from_turbo_underground_belt_to_stone_furnace_undefined_circuit_enabled,0,0,0,0,0,0,0,0,0,0,0,0,0
inserter_all_from_turbo_underground_belt_to_transport_belt,0,0,0,0,0,0,0,0,0,0,0,0,0
inserter_all_from_turbo_underground_belt_to_transport_belt_circuit_enabled,0,0,0,0,0,0,0,0,0,0,0,0,0
inserter_all_from_turbo_underground_belt_to_turbo_transport_belt,0,0,0,0,0,0,0,0,0,0,0,0,0
inserter_all_from_turbo_underground_belt_to_turbo_transport_belt_circuit_enabled,0,0,0,0,0,0,0,0,0,0,0,0,0
inserter_all_from_turbo_underground_belt_to_turbo_underground_belt,0,0,0,0,0,0,0,0,0,0,0,0,0
inserter_all_to_assembling_machine_3_advanced_circuit,0,0,0,0,0,0,0,0,0,0,0,0,0
inserter_all_to_assembling_machine_3_advanced_circuit_circuit_enabled,0,0,0,0,0,0,0,0,0,0,0,0,0
inserter_all_to_assembling_machine_3_chemical_science_pack,88,88,88,88,88,192,88,88,88,88,88,88,96
inserter_all_to_assembling_machine_3_chemical_science_pack_circuit_enabled,88,88,88,88,88,192,88,88,88,88,88,0,0
inserter_all_to_assembling_machine_3_chemical_science_pack_circuit_set_filters,0,0,0,0,0,0,44,0,0,0,0,0,0
inserter_all_to_assembling_machine_3_copper_cable,0,0,0,0,0,0,0,0,0,0,0,0,0
inserter_all_to_assembling_machine_3_copper_cable_circuit_enabled,0,0,0,0,0,0,0,0,0,0,0,0,0
inserter_all_to_assembling_machine_3_electronic_circuit,0,0,0,0,0,0,0,0,0,0,0,0,0
inserter_all_to_assembling_machine_3_electronic_circuit_circuit_enabled,0,0,0,0,0,0,0,0,0,0,0,0,0
inserter_all_to_assembling_machine_3_engine_unit,88,20,20,20,88,96,44,132,20,132,132,88,40
inserter_all_to_assembling_machine_3_engine_unit_circuit_enabled,88,20,20,20,88,96,44,132,20,132,132,0,0
inserter_all_to_assembling_machine_3_engine_unit_circuit_set_filters,0,0,0,0,0,0,44,0,0,0,0,0,0
inserter_all_to_assembling_machine_3_iron_gear_wheel,0,0,0,0,0,0,0,0,0,0,0,0,0
inserter_all_to_assembling_machine_3_pipe,0,0,0,0,0,0,0,0,0,0,0,0,0
inserter_all_to_belt,62,74,78,78,62,80,65,54,78,62,54,72,120
inserter_all_to_belt_circuit_enabled,52,72,72,72,52,64,50,8,72,8,8,8,0
inserter_all_to_belt_circuit_set_filters,0,0,0,0,0,0,0,44,20,44,44,0,0
inserter_all_to_building,220,144,160,160,220,512,164,244,160,264,244,216,174
inserter_all_to_building_circuit_enabled,212,132,160,160,212,512,160,232,160,264,232,24,0
inserter_all_to_building_circuit_set_filters,0,0,0,0,0,0,88,0,0,0,0,0,0
inserter_all_to_cargo_wagon,0,4,0,0,0,0,0,16,0,0,16,0,0
inserter_all_to_cargo_wagon_circuit_enabled,0,4,0,0,0,0,0,8,0,0,8,0,0
inserter_all_to_chemical_plant_plastic_bar,0,0,0,0,0,32,0,0,0,0,0,0,0
inserter_all_to_chemical_plant_plastic_bar_circuit_enabled,0,0,0,0,0,32,0,0,0,0,0,0,0
inserter_all_to_chest,0,34,20,20,0,8,0,16,20,0,16,0,0
inserter_all_to_chest_circuit_enabled,0,8,0,0,0,0,0,8,0,0,8,0,0
inserter_all_to_chest_circuit_set_filters,0,20,20,20,0,0,0,0,20,0,0,0,0
inserter_all_to_cryogenic_plant_plastic_bar,4,4,4,4,4,0,4,0,4,4,0,8,2
inserter_all_to_cryogenic_plant_plastic_bar_circuit_enabled,4,0,4,4,4,0,4,0,4,4,0,0,0
inserter_all_to_electromagnetic_plant_advanced_circuit,32,24,32,32,32,128,24,16,32,32,16,24,24
inserter_all_to_electromagnetic_plant_advanced_circuit_circuit_enabled,32,24,32,32,32,128,24,8,32,32,8,24,0
inserter_all_to_electromagnetic_plant_copper_cable,0,0,0,0,0,0,0,0,0,0,0,0,0
inserter_all_to_electromagnetic_plant_copper_cable_circuit_enabled,0,0,0,0,0,0,0,0,0,0,0,0,0
inserter_all_to_electromagnetic_plant_electronic_circuit,8,8,16,16,8,64,4,8,16,8,8,8,12
inserter_all_to_electromagnetic_plant_electronic_circuit_circuit_enabled,0,0,16,16,0,64,0,4,16,8,4,0,0
inserter_all_to_express_splitter,0,0,0,0,0,0,0,0,0,0,0,0,0
inserter_all_to_express_transport_belt,0,0,0,0,0,0,0,0,0,0,0,0,0
inserter_all_to_express_transport_belt_circuit_enabled,0,0,0,0,0,0,0,0,0,0,0,0,0
inserter_all_to_express_underground_belt,0,0,0,0,0,0,0,0,0,0,0,0,0
inserter_all_to_express_underground_belt_circuit_enabled,0,0,0,0,0,0,0,0,0,0,0,0,0
inserter_all_to_fast_transport_belt,0,0,0,0,0,0,0,0,0,0,0,0,0
inserter_all_to_fast_transport_belt_circuit_enabled,0,0,0,0,0,0,0,0,0,0,0,0,0
inserter_all_to_foundry_molten_copper,0,0,0,0,0,0,0,0,0,0,0,0,0
inserter_all_to_foundry_molten_copper_circuit_enabled,0,0,0,0,0,0,0,0,0,0,0,0,0
inserter_all_to_foundry_molten_iron,0,0,0,0,0,0,0,0,0,0,0,0,0
inserter_all_to_foundry_molten_iron_circuit_enabled,0,0,0,0,0,0,0,0,0,0,0,0,0
inserter_all_to_infinity_chest,0,0,0,0,0,0,0,0,0,0,0,0,0
inserter_all_to_iron_chest,0,0,0,0,0,8,0,0,0,0,0,0,0
inserter_all_to_steel_chest,0,30,20,20,0,0,0,0,20,0,0,0,0
inserter_all_to_steel_chest_circuit_enabled,0,4,0,0,0,0,0,0,0,0,0,0,0
inserter_all_to_steel_chest_circuit_set_filters,0,20,20,20,0,0,0,0,20,0,0,0,0
inserter_all_to_stone_furnace_undefined,0,0,0,0,0,0,0,0,0,0,0,0,0
inserter_all_to_stone_furnace_undefined_circuit_enabled,0,0,0,0,0,0,0,0,0,0,0,0,0
inserter_all_to_transport_belt,0,0,0,0,0,0,0,0,0,0,0,0,0
inserter_all_to_transport_belt_circuit_enabled,0,0,0,0,0,0,0,0,0,0,0,0,0
inserter_all_to_turbo_transport_belt,62,70,78,78,62,16,65,10,78,48,10,62,120
inserter_all_to_turbo_transport_belt_circuit_enabled,52,68,72,72,52,0,50,8,72,4,8,8,0
inserter_all_to_turbo_transport_belt_circuit_set_filters,0,0,0,0,0,0,0,0,20,40,0,0,0
inserter_all_to_turbo_underground_belt,0,4,0,0,0,64,0,44,0,14,44,10,0
inserter_all_to_turbo_underground_belt_circuit_enabled,0,4,0,0,0,64,0,0,0,4,0,0,0
inserter_all_to_turbo_underground_belt_circuit_set_filters,0,0,0,0,0,0,0,44,0,4,44,0,0
inserter_all_unknown,0,0,0,0,0,0,0,0,0,0,0,0,0
inserter_all_unknown_circuit_enabled,0,0,0,0,0,0,0,0,0,0,0,0,0
iron_chest,0,0,0,0,0,8,0,0,0,0,0,0,0
medium_electric_pole,44,62,76,68,44,274,48,196,68,88,172,58,44
oil_refinery,4,2,4,4,4,2,4,2,4,2,2,2,8
oil_refinery_circuit_enabled,4,2,4,4,4,2,4,2,4,2,2,0,0
pipe,598,305,536,536,598,262,396,648,536,374,644,103,308
pipe_to_ground,214,182,236,236,214,420,109,312,236,192,312,220,154
pump,0,0,0,0,0,0,0,0,0,0,0,0,0
recipe_advanced_circuit,8,8,8,8,8,32,8,8,8,8,8,8,12
recipe_advanced_oil_processing,0,0,0,0,0,0,0,0,0,0,0,0,0
recipe_basic_oil_processing,4,2,4,4,4,2,4,2,4,2,2,2,8
recipe_casting_copper,0,0,0,0,0,0,0,0,0,0,0,0,0
recipe_casting_copper_cable,8,9,8,8,8,20,5,4,8,10,4,6,2
recipe_casting_iron,2,2,2,2,2,10,1,4,2,2,4,2,4
recipe_casting_iron_gear_wheel,2,0,0,0,2,0,1,24,0,2,24,2,2
recipe_casting_pipe,12,0,0,0,12,0,1,22,0,12,22,12,4
recipe_casting_steel,2,0,0,0,2,0,1,22,0,22,22,2,2
recipe_chemical_science_pack,44,44,44,44,44,64,44,44,44,44,44,44,48
recipe_copper_cable,0,0,0,0,0,0,0,0,0,0,0,0,0
recipe_electronic_circuit,4,4,4,4,4,32,1,4,4,2,4,2,4
recipe_engine_unit,44,20,20,20,44,32,22,44,20,44,44,44,20
recipe_heavy_oil_cracking,0,0,0,0,0,0,0,0,0,0,0,0,0
recipe_iron_gear_wheel,0,0,0,0,0,0,0,0,0,0,0,0,0
recipe_light_oil_cracking,0,0,0,0,0,0,0,0,0,0,0,0,0
recipe_molten_copper,0,0,0,0,0,0,0,0,0,0,0,0,0
recipe_molten_iron,0,0,0,0,0,0,0,0,0,0,0,0,0
recipe_pipe,0,0,0,0,0,0,0,0,0,0,0,0,0
recipe_plastic_bar,4,4,4,4,4,32,4,8,4,4,8,8,2
recipe_sulfur,2,1,2,2,2,2,1,2,2,2,2,2,2
selector_combinator,0,0,0,0,0,0,0,0,0,0,0,0,0
small_lamp,4,1,2,2,4,0,0,0,4,0,0,0,0
small_lamp_circuit_enabled,4,1,2,2,4,0,0,0,4,0,0,0,0
stack_inserter,282,252,258,258,282,600,229,314,258,326,314,288,294
stack_inserter_chest_to_chest,0,6,0,0,0,0,0,0,0,0,0,0,0
stack_inserter_chest_to_chest_circuit_enabled,0,0,0,0,0,0,0,0,0,0,0,0,0
stack_inserter_circuit_enabled,264,212,232,232,264,576,210,248,232,272,248,32,0
stack_inserter_circuit_set_filters,0,20,20,20,0,0,88,44,40,44,44,0,0
stack_inserter_direct_insertion,120,24,40,40,120,416,64,192,40,164,192,112,4
stack_inserter_direct_insertion_circuit_enabled,112,16,40,40,112,416,60,188,40,164,188,16,0
stack_inserter_direction_insertion_percent,85.1063829787234,9.523809523809524,31.007751937984494,31.007751937984494,85.1063829787234,138.66666666666669,27.947598253275107,122.29299363057325,31.007751937984494,100.61349693251533,122.29299363057325,38.88888888888889,2.7210884353741496
stack_inserter_from_assembling_machine_3_advanced_circuit,0,0,0,0,0,0,0,0,0,0,0,0,0
stack_inserter_from_assembling_machine_3_advanced_circuit_circuit_enabled,0,0,0,0,0,0,0,0,0,0,0,0,0
stack_inserter_from_assembling_machine_3_advanced_circuit_to_cargo_wagon,0,0,0,0,0,0,0,0,0,0,0,0,0
stack_inserter_from_assembling_machine_3_advanced_circuit_to_cargo_wagon_circuit_enabled,0,0,0,0,0,0,0,0,0,0,0,0,0
stack_inserter_from_assembling_machine_3_chemical_science_pack,44,44,44,44,44,64,44,44,44,44,44,44,48
stack_inserter_from_assembling_machine_3_chemical_science_pack_circuit_enabled,44,44,44,44,44,64,44,0,44,0,0,0,0
stack_inserter_from_assembling_machine_3_chemical_science_pack_circuit_set_filters,0,0,0,0,0,0,0,44,0,44,44,0,0
stack_inserter_from_assembling_machine_3_chemical_science_pack_to_cargo_wagon,0,0,0,0,0,0,0,0,0,0,0,0,0
stack_inserter_from_assembling_machine_3_chemical_science_pack_to_cargo_wagon_circuit_enabled,0,0,0,0,0,0,0,0,0,0,0,0,0
stack_inserter_from_assembling_machine_3_chemical_science_pack_to_turbo_transport_belt,44,42,44,44,44,0,44,0,44,40,0,44,48
stack_inserter_from_assembling_machine_3_chemical_science_pack_to_turbo_transport_belt_circuit_enabled,44,42,44,44,44,0,44,0,44,0,0,0,0
stack_inserter_from_assembling_machine_3_chemical_science_pack_to_turbo_transport_belt_circuit_set_filters,0,0,0,0,0,0,0,0,0,40,0,0,0
stack_inserter_from_assembling_machine_3_chemical_science_pack_to_turbo_underground_belt,0,2,0,0,0,64,0,44,0,4,44,0,0
stack_inserter_from_assembling_machine_3_chemical_science_pack_to_turbo_underground_belt_circuit_enabled,0,2,0,0,0,64,0,0,0,0,0,0,0
stack_inserter_from_assembling_machine_3_chemical_science_pack_to_turbo_underground_belt_circuit_set_filters,0,0,0,0,0,0,0,44,0,4,44,0,0
stack_inserter_from_assembling_machine_3_copper_cable,0,0,0,0,0,0,0,0,0,0,0,0,0
stack_inserter_from_assembling_machine_3_copper_cable_circuit_enabled,0,0,0,0,0,0,0,0,0,0,0,0,0
stack_inserter_from_assembling_machine_3_copper_cable_to_turbo_transport_belt,0,0,0,0,0,0,0,0,0,0,0,0,0
stack_inserter_from_assembling_machine_3_copper_cable_to_turbo_transport_belt_circuit_enabled,0,0,0,0,0,0,0,0,0,0,0,0,0
stack_inserter_from_assembling_machine_3_electronic_circuit,0,0,0,0,0,0,0,0,0,0,0,0,0
stack_inserter_from_assembling_machine_3_electronic_circuit_circuit_enabled,0,0,0,0,0,0,0,0,0,0,0,0,0
stack_inserter_from_assembling_machine_3_electronic_circuit_to_assembling_machine_3_advanced_circuit,0,0,0,0,0,0,0,0,0,0,0,0,0
stack_inserter_from_assembling_machine_3_electronic_circuit_to_assembling_machine_3_advanced_circuit_circuit_enabled,0,0,0,0,0,0,0,0,0,0,0,0,0
stack_inserter_from_assembling_machine_3_electronic_circuit_to_turbo_underground_belt,0,0,0,0,0,0,0,0,0,0,0,0,0
stack_inserter_from_assembling_machine_3_electronic_circuit_to_turbo_underground_belt_circuit_enabled,0,0,0,0,0,0,0,0,0,0,0,0,0
stack_inserter_from_assembling_machine_3_engine_unit,44,20,20,20,44,64,44,44,20,44,44,44,20
stack_inserter_from_assembling_machine_3_engine_unit_circuit_enabled,44,20,20,20,44,64,44,44,20,44,44,0,0
stack_inserter_from_assembling_machine_3_engine_unit_circuit_set_filters,0,0,0,0,0,0,0,0,20,0,0,0,0
stack_inserter_from_assembling_machine_3_engine_unit_to_assembling_machine_3_chemical_science_pack,44,0,0,0,44,64,44,44,0,44,44,44,0
stack_inserter_from_assembling_machine_3_engine_unit_to_assembling_machine_3_chemical_science_pack_circuit_enabled,44,0,0,0,44,64,44,44,0,44,44,0,0
stack_inserter_from_assembling_machine_3_engine_unit_to_cargo_wagon,0,0,0,0,0,0,0,0,0,0,0,0,0
stack_inserter_from_assembling_machine_3_engine_unit_to_steel_chest,0,0,0,0,0,0,0,0,0,0,0,0,0
stack_inserter_from_assembling_machine_3_engine_unit_to_steel_chest_circuit_enabled,0,0,0,0,0,0,0,0,0,0,0,0,0
stack_inserter_from_assembling_machine_3_engine_unit_to_turbo_transport_belt,0,20,20,20,0,0,0,0,20,0,0,0,20
stack_inserter_from_assembling_machine_3_engine_unit_to_turbo_transport_belt_circuit_enabled,0,20,20,20,0,0,0,0,20,0,0,0,0
stack_inserter_from_assembling_machine_3_engine_unit_to_turbo_transport_belt_circuit_set_filters,0,0,0,0,0,0,0,0,20,0,0,0,0
stack_inserter_from_assembling_machine_3_engine_unit_to_turbo_underground_belt,0,0,0,0,0,0,0,0,0,0,0,0,0
stack_inserter_from_assembling_machine_3_engine_unit_to_turbo_underground_belt_circuit_enabled,0,0,0,0,0,0,0,0,0,0,0,0,0
stack_inserter_from_belt,100,92,100,100,100,104,100,44,100,100,44,104,170
stack_inserter_from_belt_circuit_enabled,100,88,100,100,100,96,100,44,100,100,44,8,0
stack_inserter_from_belt_circuit_set_filters,0,0,0,0,0,0,88,0,0,0,0,0,0
stack_inserter_from_building,182,126,138,138,182,488,129,262,138,226,262,176,124
stack_inserter_from_building_circuit_enabled,164,96,112,112,164,480,110,204,112,172,204,24,0
stack_inserter_from_building_circuit_set_filters,0,20,20,20,0,0,0,44,40,44,44,0,0
stack_inserter_from_cargo_wagon,0,4,0,0,0,0,0,8,0,0,8,0,0
stack_inserter_from_cargo_wagon_circuit_enabled,0,4,0,0,0,0,0,0,0,0,0,0,0
stack_inserter_from_cargo_wagon_circuit_set_filters,0,0,0,0,0,0,0,0,0,0,0,0,0
stack_inserter_from_cargo_wagon_to_assembling_machine_3_chemical_science_pack,0,0,0,0,0,0,0,0,0,0,0,0,0
stack_inserter_from_cargo_wagon_to_assembling_machine_3_chemical_science_pack_circuit_enabled,0,0,0,0,0,0,0,0,0,0,0,0,0
stack_inserter_from_cargo_wagon_to_assembling_machine_3_engine_unit,0,0,0,0,0,0,0,0,0,0,0,0,0
stack_inserter_from_cargo_wagon_to_assembling_machine_3_engine_unit_circuit_enabled,0,0,0,0,0,0,0,0,0,0,0,0,0
stack_inserter_from_cargo_wagon_to_assembling_machine_3_engine_unit_circuit_set_filters,0,0,0,0,0,0,0,0,0,0,0,0,0
stack_inserter_from_cargo_wagon_to_cargo_wagon,0,0,0,0,0,0,0,0,0,0,0,0,0
stack_inserter_from_cargo_wagon_to_cargo_wagon_circuit_enabled,0,0,0,0,0,0,0,0,0,0,0,0,0
stack_inserter_from_cargo_wagon_to_electromagnetic_plant_advanced_circuit,0,4,0,0,0,0,0,8,0,0,8,0,0
stack_inserter_from_cargo_wagon_to_electromagnetic_plant_advanced_circuit_circuit_enabled,0,4,0,0,0,0,0,0,0,0,0,0,0
stack_inserter_from_cargo_wagon_to_electromagnetic_plant_electronic_circuit,0,0,0,0,0,0,0,0,0,0,0,0,0
stack_inserter_from_cargo_wagon_to_electromagnetic_plant_electronic_circuit_circuit_enabled,0,0,0,0,0,0,0,0,0,0,0,0,0
stack_inserter_from_cargo_wagon_to_turbo_transport_belt,0,0,0,0,0,0,0,0,0,0,0,0,0
stack_inserter_from_cargo_wagon_to_turbo_transport_belt_circuit_enabled,0,0,0,0,0,0,0,0,0,0,0,0,0
stack_inserter_from_chemical_plant_plastic_bar,0,0,0,0,0,32,0,0,0,0,0,0,0
stack_inserter_from_chemical_plant_plastic_bar_circuit_enabled,0,0,0,0,0,32,0,0,0,0,0,0,0
stack_inserter_from_chemical_plant_plastic_bar_to_cargo_wagon,0,0,0,0,0,0,0,0,0,0,0,0,0
stack_inserter_from_chemical_plant_plastic_bar_to_cargo_wagon_circuit_enabled,0,0,0,0,0,0,0,0,0,0,0,0,0
stack_inserter_from_chemical_plant_plastic_bar_to_electromagnetic_plant_advanced_circuit,0,0,0,0,0,32,0,0,0,0,0,0,0
stack_inserter_from_chemical_plant_plastic_bar_to_electromagnetic_plant_advanced_circuit_circuit_enabled,0,0,0,0,0,32,0,0,0,0,0,0,0
stack_inserter_from_chest,0,34,20,20,0,8,0,8,20,0,8,8,0
stack_inserter_from_chest_circuit_enabled,0,28,20,20,0,0,0,0,20,0,0,0,0
stack_inserter_from_chest_circuit_set_filters,0,0,0,0,0,0,0,0,0,0,0,0,0
stack_inserter_from_cryogenic_plant_plastic_bar,8,8,8,8,8,0,8,8,8,8,8,8,4
stack_inserter_from_cryogenic_plant_plastic_bar_circuit_enabled,8,8,8,8,8,0,8,8,8,8,8,8,0
stack_inserter_from_cryogenic_plant_plastic_bar_to_assembling_machine_3_advanced_circuit,0,0,0,0,0,0,0,0,0,0,0,0,0
stack_inserter_from_cryogenic_plant_plastic_bar_to_assembling_machine_3_advanced_circuit_circuit_enabled,0,0,0,0,0,0,0,0,0,0,0,0,0
stack_inserter_from_cryogenic_plant_plastic_bar_to_cargo_wagon,0,0,0,0,0,0,0,0,0,0,0,0,0
stack_inserter_from_cryogenic_plant_plastic_bar_to_cargo_wagon_circuit_enabled,0,0,0,0,0,0,0,0,0,0,0,0,0
stack_inserter_from_cryogenic_plant_plastic_bar_to_electromagnetic_plant_advanced_circuit,8,8,8,8,8,0,8,8,8,8,8,8,0
stack_inserter_from_cryogenic_plant_plastic_bar_to_electromagnetic_plant_advanced_circuit_circuit_enabled,8,8,8,8,8,0,8,8,8,8,8,8,0
stack_inserter_from_cryogenic_plant_plastic_bar_to_turbo_transport_belt,0,0,0,0,0,0,0,0,0,0,0,0,4
stack_inserter_from_cryogenic_plant_plastic_bar_to_turbo_transport_belt_circuit_enabled,0,0,0,0,0,0,0,0,0,0,0,0,0
stack_inserter_from_cryogenic_plant_sulfur,2,2,2,2,2,8,2,2,2,2,2,4,4
stack_inserter_from_cryogenic_plant_sulfur_circuit_enabled,0,0,0,0,0,0,0,0,0,0,0,0,0
stack_inserter_from_cryogenic_plant_sulfur_to_assembling_machine_3_chemical_science_pack,0,0,0,0,0,0,0,0,0,0,0,0,0
stack_inserter_from_cryogenic_plant_sulfur_to_assembling_machine_3_chemical_science_pack_circuit_enabled,0,0,0,0,0,0,0,0,0,0,0,0,0
stack_inserter_from_cryogenic_plant_sulfur_to_cargo_wagon,0,0,0,0,0,0,0,0,0,0,0,0,0
stack_inserter_from_cryogenic_plant_sulfur_to_turbo_transport_belt,2,2,2,2,2,8,2,2,2,0,2,2,4
stack_inserter_from_cryogenic_plant_sulfur_to_turbo_transport_belt_circuit_enabled,0,0,0,0,0,0,0,0,0,0,0,0,0
stack_inserter_from_cryogenic_plant_sulfur_to_turbo_underground_belt,0,0,0,0,0,0,0,0,0,2,0,2,0
stack_inserter_from_cryogenic_plant_sulfur_to_turbo_underground_belt_circuit_enabled,0,0,0,0,0,0,0,0,0,0,0,0,0
stack_inserter_from_electromagnetic_plant_advanced_circuit,8,8,8,8,8,64,8,8,8,8,8,8,12
stack_inserter_from_electromagnetic_plant_advanced_circuit_circuit_enabled,8,8,8,8,8,64,6,8,8,8,8,8,0
stack_inserter_from_electromagnetic_plant_advanced_circuit_to_assembling_machine_3_chemical_science_pack,0,0,0,0,0,64,0,0,0,0,0,0,0
stack_inserter_from_electromagnetic_plant_advanced_circuit_to_assembling_machine_3_chemical_science_pack_circuit_enabled,0,0,0,0,0,64,0,0,0,0,0,0,0
stack_inserter_from_electromagnetic_plant_advanced_circuit_to_cargo_wagon,0,0,0,0,0,0,0,0,0,0,0,0,0
stack_inserter_from_electromagnetic_plant_advanced_circuit_to_cargo_wagon_circuit_enabled,0,0,0,0,0,0,0,0,0,0,0,0,0
stack_inserter_from_electromagnetic_plant_advanced_circuit_to_turbo_transport_belt,8,6,8,8,8,0,8,8,8,4,8,8,12
stack_inserter_from_electromagnetic_plant_advanced_circuit_to_turbo_transport_belt_circuit_enabled,8,6,8,8,8,0,6,8,8,4,8,8,0
stack_inserter_from_electromagnetic_plant_advanced_circuit_to_turbo_underground_belt,0,2,0,0,0,0,0,0,0,4,0,0,0
stack_inserter_from_electromagnetic_plant_advanced_circuit_to_turbo_underground_belt_circuit_enabled,0,2,0,0,0,0,0,0,0,4,0,0,0
stack_inserter_from_electromagnetic_plant_copper_cable,0,0,0,0,0,0,0,0,0,0,0,0,0
stack_inserter_from_electromagnetic_plant_copper_cable_circuit_enabled,0,0,0,0,0,0,0,0,0,0,0,0,0
stack_inserter_from_electromagnetic_plant_copper_cable_to_cargo_wagon,0,0,0,0,0,0,0,0,0,0,0,0,0
stack_inserter_from_electromagnetic_plant_copper_cable_to_electromagnetic_plant_advanced_circuit,0,0,0,0,0,0,0,0,0,0,0,0,0
stack_inserter_from_electromagnetic_plant_copper_cable_to_electromagnetic_plant_advanced_circuit_circuit_enabled,0,0,0,0,0,0,0,0,0,0,0,0,0
stack_inserter_from_electromagnetic_plant_copper_cable_to_electromagnetic_plant_electronic_circuit,0,0,0,0,0,0,0,0,0,0,0,0,0
stack_inserter_from_electromagnetic_plant_copper_cable_to_electromagnetic_plant_electronic_circuit_circuit_enabled,0,0,0,0,0,0,0,0,0,0,0,0,0
stack_inserter_from_electromagnetic_plant_electronic_circuit,4,8,4,4,4,32,4,8,4,4,8,4,4
stack_inserter_from_electromagnetic_plant_electronic_circuit_circuit_enabled,0,8,0,0,0,32,0,8,0,0,8,0,0
stack_inserter_from_electromagnetic_plant_electronic_circuit_to_cargo_wagon,0,4,0,0,0,0,0,8,0,0,8,0,0
stack_inserter_from_electromagnetic_plant_electronic_circuit_to_cargo_wagon_circuit_enabled,0,4,0,0,0,0,0,8,0,0,8,0,0
stack_inserter_from_electromagnetic_plant_electronic_circuit_to_electromagnetic_plant_advanced_circuit,0,0,0,0,0,32,0,0,0,0,0,0,0
stack_inserter_from_electromagnetic_plant_electronic_circuit_to_electromagnetic_plant_advanced_circuit_circuit_enabled,0,0,0,0,0,32,0,0,0,0,0,0,0
stack_inserter_from_electromagnetic_plant_electronic_circuit_to_steel_chest,0,4,0,0,0,0,0,0,0,0,0,0,0
stack_inserter_from_electromagnetic_plant_electronic_circuit_to_steel_chest_circuit_enabled,0,4,0,0,0,0,0,0,0,0,0,0,0
stack_inserter_from_electromagnetic_plant_electronic_circuit_to_turbo_transport_belt,4,0,4,4,4,0,4,0,4,4,0,0,4
stack_inserter_from_electromagnetic_plant_electronic_circuit_to_turbo_underground_belt,0,0,0,0,0,0,0,0,0,0,0,4,0
stack_inserter_from_express_underground_belt,0,0,0,0,0,0,0,0,0,0,0,0,0
stack_inserter_from_express_underground_belt_circuit_enabled,0,0,0,0,0,0,0,0,0,0,0,0,0
stack_inserter_from_express_underground_belt_to_assembling_machine_3_engine_unit,0,0,0,0,0,0,0,0,0,0,0,0,0
stack_inserter_from_express_underground_belt_to_assembling_machine_3_engine_unit_circuit_enabled,0,0,0,0,0,0,0,0,0,0,0,0,0
stack_inserter_from_foundry_casting_copper,0,0,0,0,0,0,0,0,0,0,0,0,0
stack_inserter_from_foundry_casting_copper_cable,20,12,28,28,20,96,11,12,28,22,12,14,16
stack_inserter_from_foundry_casting_copper_cable_circuit_enabled,16,8,28,28,16,96,8,0,28,22,0,8,0
stack_inserter_from_foundry_casting_copper_cable_to_assembling_machine_3_advanced_circuit,0,0,0,0,0,0,0,0,0,0,0,0,0
stack_inserter_from_foundry_casting_copper_cable_to_assembling_machine_3_advanced_circuit_circuit_enabled,0,0,0,0,0,0,0,0,0,0,0,0,0
stack_inserter_from_foundry_casting_copper_cable_to_assembling_machine_3_electronic_circuit,0,0,0,0,0,0,0,0,0,0,0,0,0
stack_inserter_from_foundry_casting_copper_cable_to_assembling_machine_3_electronic_circuit_circuit_enabled,0,0,0,0,0,0,0,0,0,0,0,0,0
stack_inserter_from_foundry_casting_copper_cable_to_cargo_wagon,0,0,0,0,0,0,0,8,0,0,8,0,0
stack_inserter_from_foundry_casting_copper_cable_to_cargo_wagon_circuit_enabled,0,0,0,0,0,0,0,0,0,0,0,0,0
stack_inserter_from_foundry_casting_copper_cable_to_electromagnetic_plant_advanced_circuit,16,8,16,16,16,64,8,0,16,16,0,8,0
stack_inserter_from_foundry_casting_copper_cable_to_electromagnetic_plant_advanced_circuit_circuit_enabled,16,8,16,16,16,64,8,0,16,16,0,8,0
stack_inserter_from_foundry_casting_copper_cable_to_electromagnetic_plant_electronic_circuit,4,4,12,12,4,32,3,4,12,6,4,6,0
stack_inserter_from_foundry_casting_copper_cable_to_electromagnetic_plant_electronic_circuit_circuit_enabled,0,0,12,12,0,32,0,0,12,6,0,0,0
stack_inserter_from_foundry_casting_copper_cable_to_turbo_transport_belt,0,0,0,0,0,0,0,0,0,0,0,0,16
stack_inserter_from_foundry_casting_copper_circuit_enabled,0,0,0,0,0,0,0,0,0,0,0,0,0
stack_inserter_from_foundry_casting_copper_to_assembling_machine_3_copper_cable,0,0,0,0,0,0,0,0,0,0,0,0,0
stack_inserter_from_foundry_casting_copper_to_assembling_machine_3_copper_cable_circuit_enabled,0,0,0,0,0,0,0,0,0,0,0,0,0
stack_inserter_from_foundry_casting_copper_to_electromagnetic_plant_copper_cable,0,0,0,0,0,0,0,0,0,0,0,0,0
stack_inserter_from_foundry_casting_copper_to_turbo_transport_belt,0,0,0,0,0,0,0,0,0,0,0,0,0
stack_inserter_from_foundry_casting_copper_to_turbo_transport_belt_circuit_enabled,0,0,0,0,0,0,0,0,0,0,0,0,0
stack_inserter_from_foundry_casting_iron,4,4,4,4,4,32,1,4,4,2,4,2,4
stack_inserter_from_foundry_casting_iron_circuit_enabled,0,0,4,4,0,32,0,4,4,2,4,0,0
stack_inserter_from_foundry_casting_iron_gear_wheel,0,0,0,0,0,0,2,44,0,4,44,2,4
stack_inserter_from_foundry_casting_iron_gear_wheel_circuit_enabled,0,0,0,0,0,0,0,44,0,0,44,0,0
stack_inserter_from_foundry_casting_iron_gear_wheel_to_assembling_machine_3_engine_unit,0,0,0,0,0,0,0,44,0,0,44,0,0
stack_inserter_from_foundry_casting_iron_gear_wheel_to_assembling_machine_3_engine_unit_circuit_enabled,0,0,0,0,0,0,0,44,0,0,44,0,0
stack_inserter_from_foundry_casting_iron_gear_wheel_to_cargo_wagon,0,0,0,0,0,0,0,0,0,0,0,0,0
stack_inserter_from_foundry_casting_iron_gear_wheel_to_turbo_transport_belt,0,0,0,0,0,0,2,0,0,0,0,2,4
stack_inserter_from_foundry_casting_iron_gear_wheel_to_turbo_transport_belt_circuit_enabled,0,0,0,0,0,0,0,0,0,0,0,0,0
stack_inserter_from_foundry_casting_iron_gear_wheel_to_turbo_underground_belt,0,0,0,0,0,0,0,0,0,4,0,0,0
stack_inserter_from_foundry_casting_iron_to_assembling_machine_3_electronic_circuit,0,0,0,0,0,0,0,0,0,0,0,0,0
stack_inserter_from_foundry_casting_iron_to_assembling_machine_3_electronic_circuit_circuit_enabled,0,0,0,0,0,0,0,0,0,0,0,0,0
stack_inserter_from_foundry_casting_iron_to_electromagnetic_plant_electronic_circuit,4,4,4,4,4,32,1,4,4,2,4,2,4
stack_inserter_from_foundry_casting_iron_to_electromagnetic_plant_electronic_circuit_circuit_enabled,0,0,4,4,0,32,0,4,4,2,4,0,0
stack_inserter_from_foundry_casting_iron_to_turbo_transport_belt,0,0,0,0,0,0,0,0,0,0,0,0,0
stack_inserter_from_foundry_casting_iron_to_turbo_transport_belt_circuit_enabled,0,0,0,0,0,0,0,0,0,0,0,0,0
stack_inserter_from_foundry_casting_pipe,0,0,0,0,0,0,3,44,0,44,44,44,4
stack_inserter_from_foundry_casting_pipe_circuit_enabled,0,0,0,0,0,0,0,44,0,44,44,0,0
stack_inserter_from_foundry_casting_pipe_to_assembling_machine_3_engine_unit,0,0,0,0,0,0,0,44,0,44,44,44,0
stack_inserter_from_foundry_casting_pipe_to_assembling_machine_3_engine_unit_circuit_enabled,0,0,0,0,0,0,0,44,0,44,44,0,0
stack_inserter_from_foundry_casting_pipe_to_cargo_wagon,0,0,0,0,0,0,0,0,0,0,0,0,0
stack_inserter_from_foundry_casting_pipe_to_cargo_wagon_circuit_enabled,0,0,0,0,0,0,0,0,0,0,0,0,0
stack_inserter_from_foundry_casting_pipe_to_express_splitter,0,0,0,0,0,0,0,0,0,0,0,0,0
stack_inserter_from_foundry_casting_pipe_to_express_transport_belt,0,0,0,0,0,0,0,0,0,0,0,0,0
stack_inserter_from_foundry_casting_pipe_to_turbo_transport_belt,0,0,0,0,0,0,3,0,0,0,0,0,4
stack_inserter_from_foundry_casting_pipe_to_turbo_transport_belt_circuit_enabled,0,0,0,0,0,0,0,0,0,0,0,0,0
stack_inserter_from_foundry_casting_pipe_to_turbo_underground_belt,0,0,0,0,0,0,0,0,0,0,0,0,0
stack_inserter_from_foundry_casting_pipe_to_turbo_underground_belt_circuit_enabled,0,0,0,0,0,0,0,0,0,0,0,0,0
stack_inserter_from_foundry_casting_steel,0,0,0,0,0,0,2,44,0,44,44,2,4
stack_inserter_from_foundry_casting_steel_circuit_enabled,0,0,0,0,0,0,0,44,0,44,44,0,0
stack_inserter_from_foundry_casting_steel_to_assembling_machine_3_engine_unit,0,0,0,0,0,0,0,44,0,44,44,0,0
stack_inserter_from_foundry_casting_steel_to_assembling_machine_3_engine_unit_circuit_enabled,0,0,0,0,0,0,0,44,0,44,44,0,0
stack_inserter_from_foundry_casting_steel_to_cargo_wagon,0,0,0,0,0,0,0,0,0,0,0,0,0
stack_inserter_from_foundry_casting_steel_to_cargo_wagon_circuit_enabled,0,0,0,0,0,0,0,0,0,0,0,0,0
stack_inserter_from_foundry_casting_steel_to_turbo_transport_belt,0,0,0,0,0,0,2,0,0,0,0,2,4
stack_inserter_from_foundry_casting_steel_to_turbo_transport_belt_circuit_enabled,0,0,0,0,0,0,0,0,0,0,0,0,0
stack_inserter_from_foundry_set_recipe,48,20,20,20,48,96,0,0,20,0,0,0,0
stack_inserter_from_foundry_set_recipe_circuit_enabled,44,0,0,0,44,96,0,0,0,0,0,0,0
stack_inserter_from_foundry_set_recipe_circuit_set_filters,0,20,20,20,0,0,0,0,20,0,0,0,0
stack_inserter_from_foundry_set_recipe_to_assembling_machine_3_engine_unit,44,0,0,0,44,96,0,0,0,0,0,0,0
stack_inserter_from_foundry_set_recipe_to_assembling_machine_3_engine_unit_circuit_enabled,44,0,0,0,44,96,0,0,0,0,0,0,0
stack_inserter_from_foundry_set_recipe_to_steel_chest,0,20,20,20,0,0,0,0,20,0,0,0,0
stack_inserter_from_foundry_set_recipe_to_steel_chest_circuit_enabled,0,0,0,0,0,0,0,0,0,0,0,0,0
stack_inserter_from_foundry_set_recipe_to_steel_chest_circuit_set_filters,0,20,20,20,0,0,0,0,20,0,0,0,0
stack_inserter_from_foundry_set_recipe_to_turbo_transport_belt,4,0,0,0,4,0,0,0,0,0,0,0,0
stack_inserter_from_infinity_chest,0,0,0,0,0,0,0,0,0,0,0,8,0
stack_inserter_from_infinity_chest_to_turbo_transport_belt,0,0,0,0,0,0,0,0,0,0,0,4,0
stack_inserter_from_infinity_chest_to_turbo_underground_belt,0,0,0,0,0,0,0,0,0,0,0,4,0
stack_inserter_from_iron_chest,0,0,0,0,0,8,0,0,0,0,0,0,0
stack_inserter_from_iron_chest_to_turbo_transport_belt,0,0,0,0,0,8,0,0,0,0,0,0,0
stack_inserter_from_steel_chest,0,30,20,20,0,0,0,0,20,0,0,0,0
stack_inserter_from_steel_chest_circuit_enabled,0,24,20,20,0,0,0,0,20,0,0,0,0
stack_inserter_from_steel_chest_circuit_set_filters,0,0,0,0,0,0,0,0,0,0,0,0,0
stack_inserter_from_steel_chest_to_assembling_machine_3_chemical_science_pack,0,0,0,0,0,0,0,0,0,0,0,0,0
stack_inserter_from_steel_chest_to_assembling_machine_3_chemical_science_pack_circuit_enabled,0,0,0,0,0,0,0,0,0,0,0,0,0
stack_inserter_from_steel_chest_to_assembling_machine_3_engine_unit,0,20,20,20,0,0,0,0,20,0,0,0,0
stack_inserter_from_steel_chest_to_assembling_machine_3_engine_unit_circuit_enabled,0,20,20,20,0,0,0,0,20,0,0,0,0
stack_inserter_from_steel_chest_to_assembling_machine_3_engine_unit_circuit_set_filters,0,0,0,0,0,0,0,0,0,0,0,0,0
stack_inserter_from_steel_chest_to_electromagnetic_plant_advanced_circuit,0,4,0,0,0,0,0,0,0,0,0,0,0
stack_inserter_from_steel_chest_to_electromagnetic_plant_advanced_circuit_circuit_enabled,0,4,0,0,0,0,0,0,0,0,0,0,0
stack_inserter_from_steel_chest_to_steel_chest,0,6,0,0,0,0,0,0,0,0,0,0,0
stack_inserter_from_turbo_transport_belt,100,90,100,100,100,40,88,44,100,96,44,8,166
stack_inserter_from_turbo_transport_belt_circuit_enabled,100,88,100,100,100,32,88,44,100,96,44,0,0
stack_inserter_from_turbo_transport_belt_circuit_set_filters,0,0,0,0,0,0,88,0,0,0,0,0,0
stack_inserter_from_turbo_transport_belt_to_assembling_machine_3_chemical_science_pack,44,88,88,88,44,0,44,44,88,44,44,4,92
stack_inserter_from_turbo_transport_belt_to_assembling_machine_3_chemical_science_pack_circuit_enabled,44,88,88,88,44,0,44,44,88,44,44,0,0
stack_inserter_from_turbo_transport_belt_to_assembling_machine_3_chemical_science_pack_circuit_set_filters,0,0,0,0,0,0,44,0,0,0,0,0,0
stack_inserter_from_turbo_transport_belt_to_assembling_machine_3_engine_unit,44,0,0,0,44,0,44,0,0,44,0,4,40
stack_inserter_from_turbo_transport_belt_to_assembling_machine_3_engine_unit_circuit_enabled,44,0,0,0,44,0,44,0,0,44,0,0,0
stack_inserter_from_turbo_transport_belt_to_assembling_machine_3_engine_unit_circuit_set_filters,0,0,0,0,0,0,44,0,0,0,0,0,0
stack_inserter_from_turbo_transport_belt_to_cargo_wagon,0,0,0,0,0,0,0,0,0,0,0,0,0
stack_inserter_from_turbo_transport_belt_to_chemical_plant_plastic_bar,0,0,0,0,0,32,0,0,0,0,0,0,0
stack_inserter_from_turbo_transport_belt_to_chemical_plant_plastic_bar_circuit_enabled,0,0,0,0,0,32,0,0,0,0,0,0,0
stack_inserter_from_turbo_transport_belt_to_cryogenic_plant_plastic_bar,4,2,4,4,4,0,0,0,4,0,0,0,2
stack_inserter_from_turbo_transport_belt_to_cryogenic_plant_plastic_bar_circuit_enabled,4,0,4,4,4,0,0,0,4,0,0,0,0
stack_inserter_from_turbo_transport_belt_to_electromagnetic_plant_advanced_circuit,8,0,8,8,8,0,0,0,8,8,0,0,24
stack_inserter_from_turbo_transport_belt_to_electromagnetic_plant_advanced_circuit_circuit_enabled,8,0,8,8,8,0,0,0,8,8,0,0,0
stack_inserter_from_turbo_transport_belt_to_electromagnetic_plant_copper_cable,0,0,0,0,0,0,0,0,0,0,0,0,0
stack_inserter_from_turbo_transport_belt_to_electromagnetic_plant_copper_cable_circuit_enabled,0,0,0,0,0,0,0,0,0,0,0,0,0
stack_inserter_from_turbo_transport_belt_to_electromagnetic_plant_electronic_circuit,0,0,0,0,0,0,0,0,0,0,0,0,8
stack_inserter_from_turbo_transport_belt_to_electromagnetic_plant_electronic_circuit_circuit_enabled,0,0,0,0,0,0,0,0,0,0,0,0,0
stack_inserter_from_turbo_transport_belt_to_foundry_molten_copper,0,0,0,0,0,0,0,0,0,0,0,0,0
stack_inserter_from_turbo_transport_belt_to_foundry_molten_copper_circuit_enabled,0,0,0,0,0,0,0,0,0,0,0,0,0
stack_inserter_from_turbo_transport_belt_to_foundry_molten_iron,0,0,0,0,0,0,0,0,0,0,0,0,0
stack_inserter_from_turbo_transport_belt_to_foundry_molten_iron_circuit_enabled,0,0,0,0,0,0,0,0,0,0,0,0,0
stack_inserter_from_turbo_transport_belt_to_infinity_chest,0,0,0,0,0,0,0,0,0,0,0,0,0
stack_inserter_from_turbo_transport_belt_to_iron_chest,0,0,0,0,0,8,0,0,0,0,0,0,0
stack_inserter_from_turbo_transport_belt_to_turbo_underground_belt,0,0,0,0,0,0,0,0,0,0,0,0,0
stack_inserter_from_turbo_transport_belt_to_turbo_underground_belt_circuit_enabled,0,0,0,0,0,0,0,0,0,0,0,0,0
stack_inserter_from_turbo_underground_belt,0,2,0,0,0,64,12,0,0,4,0,96,4
stack_inserter_from_turbo_underground_belt_circuit_enabled,0,0,0,0,0,64,12,0,0,4,0,8,0
stack_inserter_from_turbo_underground_belt_to_assembling_machine_3_chemical_science_pack,0,0,0,0,0,64,0,0,0,0,0,40,4
stack_inserter_from_turbo_underground_belt_to_assembling_machine_3_chemical_science_pack_circuit_enabled,0,0,0,0,0,64,0,0,0,0,0,0,0
stack_inserter_from_turbo_underground_belt_to_assembling_machine_3_engine_unit,0,0,0,0,0,0,0,0,0,0,0,40,0
stack_inserter_from_turbo_underground_belt_to_assembling_machine_3_engine_unit_circuit_enabled,0,0,0,0,0,0,0,0,0,0,0,0,0
stack_inserter_from_turbo_underground_belt_to_cargo_wagon,0,0,0,0,0,0,0,0,0,0,0,0,0
stack_inserter_from_turbo_underground_belt_to_chemical_plant_plastic_bar,0,0,0,0,0,0,0,0,0,0,0,0,0
stack_inserter_from_turbo_underground_belt_to_chemical_plant_plastic_bar_circuit_enabled,0,0,0,0,0,0,0,0,0,0,0,0,0
stack_inserter_from_turbo_underground_belt_to_cryogenic_plant_plastic_bar,0,2,0,0,0,0,4,0,0,4,0,8,0
stack_inserter_from_turbo_underground_belt_to_cryogenic_plant_plastic_bar_circuit_enabled,0,0,0,0,0,0,4,0,0,4,0,0,0
stack_inserter_from_turbo_underground_belt_to_electromagnetic_plant_advanced_circuit,0,0,0,0,0,0,8,0,0,0,0,8,0
stack_inserter_from_turbo_underground_belt_to_electromagnetic_plant_advanced_circuit_circuit_enabled,0,0,0,0,0,0,8,0,0,0,0,8,0
stack_inserter_from_turbo_underground_belt_to_electromagnetic_plant_copper_cable,0,0,0,0,0,0,0,0,0,0,0,0,0
stack_inserter_from_turbo_underground_belt_to_electromagnetic_plant_copper_cable_circuit_enabled,0,0,0,0,0,0,0,0,0,0,0,0,0
stack_inserter_from_turbo_underground_belt_to_electromagnetic_plant_electronic_circuit,0,0,0,0,0,0,0,0,0,0,0,0,0
stack_inserter_from_turbo_underground_belt_to_electromagnetic_plant_electronic_circuit_circuit_enabled,0,0,0,0,0,0,0,0,0,0,0,0,0
stack_inserter_from_turbo_underground_belt_to_foundry_molten_copper,0,0,0,0,0,0,0,0,0,0,0,0,0
stack_inserter_from_turbo_underground_belt_to_foundry_molten_copper_circuit_enabled,0,0,0,0,0,0,0,0,0,0,0,0,0
stack_inserter_from_turbo_underground_belt_to_foundry_molten_iron,0,0,0,0,0,0,0,0,0,0,0,0,0
stack_inserter_from_turbo_underground_belt_to_foundry_molten_iron_circuit_enabled,0,0,0,0,0,0,0,0,0,0,0,0,0
stack_inserter_to_assembling_machine_3_advanced_circuit,0,0,0,0,0,0,0,0,0,0,0,0,0
stack_inserter_to_assembling_machine_3_advanced_circuit_circuit_enabled,0,0,0,0,0,0,0,0,0,0,0,0,0
stack_inserter_to_assembling_machine_3_chemical_science_pack,88,88,88,88,88,192,88,88,88,88,88,88,96
stack_inserter_to_assembling_machine_3_chemical_science_pack_circuit_enabled,88,88,88,88,88,192,88,88,88,88,88,0,0
stack_inserter_to_assembling_machine_3_chemical_science_pack_circuit_set_filters,0,0,0,0,0,0,44,0,0,0,0,0,0
stack_inserter_to_assembling_machine_3_copper_cable,0,0,0,0,0,0,0,0,0,0,0,0,0
stack_inserter_to_assembling_machine_3_copper_cable_circuit_enabled,0,0,0,0,0,0,0,0,0,0,0,0,0
stack_inserter_to_assembling_machine_3_electronic_circuit,0,0,0,0,0,0,0,0,0,0,0,0,0
stack_inserter_to_assembling_machine_3_electronic_circuit_circuit_enabled,0,0,0,0,0,0,0,0,0,0,0,0,0
stack_inserter_to_assembling_machine_3_engine_unit,88,20,20,20,88,96,44,132,20,132,132,88,40
stack_inserter_to_assembling_machine_3_engine_unit_circuit_enabled,88,20,20,20,88,96,44,132,20,132,132,0,0
stack_inserter_to_assembling_machine_3_engine_unit_circuit_set_filters,0,0,0,0,0,0,44,0,0,0,0,0,0
stack_inserter_to_belt,62,74,78,78,62,80,65,54,78,62,54,72,120
stack_inserter_to_belt_circuit_enabled,52,72,72,72,52,64,50,8,72,8,8,8,0
stack_inserter_to_belt_circuit_set_filters,0,0,0,0,0,0,0,44,20,44,44,0,0
stack_inserter_to_building,220,144,160,160,220,512,164,244,160,264,244,216,174
stack_inserter_to_building_circuit_enabled,212,132,160,160,212,512,160,232,160,264,232,24,0
stack_inserter_to_building_circuit_set_filters,0,0,0,0,0,0,88,0,0,0,0,0,0
stack_inserter_to_cargo_wagon,0,4,0,0,0,0,0,16,0,0,16,0,0
stack_inserter_to_cargo_wagon_circuit_enabled,0,4,0,0,0,0,0,8,0,0,8,0,0
stack_inserter_to_chemical_plant_plastic_bar,0,0,0,0,0,32,0,0,0,0,0,0,0
stack_inserter_to_chemical_plant_plastic_bar_circuit_enabled,0,0,0,0,0,32,0,0,0,0,0,0,0
stack_inserter_to_chest,0,34,20,20,0,8,0,16,20,0,16,0,0
stack_inserter_to_chest_circuit_enabled,0,8,0,0,0,0,0,8,0,0,8,0,0
stack_inserter_to_chest_circuit_set_filters,0,20,20,20,0,0,0,0,20,0,0,0,0
stack_inserter_to_cryogenic_plant_plastic_bar,4,4,4,4,4,0,4,0,4,4,0,8,2
stack_inserter_to_cryogenic_plant_plastic_bar_circuit_enabled,4,0,4,4,4,0,4,0,4,4,0,0,0
stack_inserter_to_electromagnetic_plant_advanced_circuit,32,24,32,32,32,128,24,16,32,32,16,24,24
stack_inserter_to_electromagnetic_plant_advanced_circuit_circuit_enabled,32,24,32,32,32,128,24,8,32,32,8,24,0
stack_inserter_to_electromagnetic_plant_copper_cable,0,0,0,0,0,0,0,0,0,0,0,0,0
stack_inserter_to_electromagnetic_plant_copper_cable_circuit_enabled,0,0,0,0,0,0,0,0,0,0,0,0,0
stack_inserter_to_electromagnetic_plant_electronic_circuit,8,8,16,16,8,64,4,8,16,8,8,8,12
stack_inserter_to_electromagnetic_plant_electronic_circuit_circuit_enabled,0,0,16,16,0,64,0,4,16,8,4,0,0
stack_inserter_to_express_splitter,0,0,0,0,0,0,0,0,0,0,0,0,0
stack_inserter_to_express_transport_belt,0,0,0,0,0,0,0,0,0,0,0,0,0
stack_inserter_to_foundry_molten_copper,0,0,0,0,0,0,0,0,0,0,0,0,0
stack_inserter_to_foundry_molten_copper_circuit_enabled,0,0,0,0,0,0,0,0,0,0,0,0,0
stack_inserter_to_foundry_molten_iron,0,0,0,0,0,0,0,0,0,0,0,0,0
stack_inserter_to_foundry_molten_iron_circuit_enabled,0,0,0,0,0,0,0,0,0,0,0,0,0
stack_inserter_to_infinity_chest,0,0,0,0,0,0,0,0,0,0,0,0,0
stack_inserter_to_iron_chest,0,0,0,0,0,8,0,0,0,0,0,0,0
stack_inserter_to_steel_chest,0,30,20,20,0,0,0,0,20,0,0,0,0
stack_inserter_to_steel_chest_circuit_enabled,0,4,0,0,0,0,0,0,0,0,0,0,0
stack_inserter_to_steel_chest_circuit_set_filters,0,20,20,20,0,0,0,0,20,0,0,0,0
stack_inserter_to_turbo_transport_belt,62,70,78,78,62,16,65,10,78,48,10,62,120
stack_inserter_to_turbo_transport_belt_circuit_enabled,52,68,72,72,52,0,50,8,72,4,8,8,0
stack_inserter_to_turbo_transport_belt_circuit_set_filters,0,0,0,0,0,0,0,0,20,40,0,0,0
stack_inserter_to_turbo_underground_belt,0,4,0,0,0,64,0,44,0,14,44,10,0
stack_inserter_to_turbo_underground_belt_circuit_enabled,0,4,0,0,0,64,0,0,0,4,0,0,0
stack_inserter_to_turbo_underground_belt_circuit_set_filters,0,0,0,0,0,0,0,44,0,4,44,0,0
stack_inserter_unknown,0,0,0,0,0,0,0,0,0,0,0,0,0
stack_inserter_unknown_circuit_enabled,0,0,0,0,0,0,0,0,0,0,0,0,0
steel_chest,0,30,20,20,0,0,0,0,20,0,0,0,0
stone_furnace,0,0,0,0,0,0,0,0,0,0,0,0,0
storage_tank,2,1,2,2,2,6,3,2,2,2,2,0,0
straight_rail,0,8,0,0,0,0,0,16,0,0,16,0,0
total_circuit_networks,24,20,40,40,26,26,10,24,42,24,20,8,0
total_electric_networks,4,1,2,2,2,2,1,2,2,2,2,1,2
total_power_poles,44,62,76,68,44,270,54,196,68,88,172,58,60
transport_belt,0,0,0,0,0,0,0,0,0,0,0,0,0
transport_belt_circuit_enabled,0,0,0,0,0,0,0,0,0,0,0,0,0
turbo_loader,2,2,2,2,2,0,2,0,2,0,0,2,2
turbo_splitter,6,6,12,12,6,30,53,2,4,4,2,0,2
turbo_transport_belt,448,784,940,604,448,348,657,1216,584,980,1200,572,922
turbo_transport_belt_circuit_enabled,0,0,0,0,0,0,0,0,0,0,0,0,0
turbo_underground_belt,364,300,354,434,364,792,617,188,426,364,196,256,494
speed,240,480,240,240,240,240,480,240,240,240,240,480,240