entity,00_baseline,01_undertow,02_swiftdeath007,03_swiftdeath007,04_swiftdeath007,05_derantrix,06_imp,07_osboz,08_lady_meyneth,09_jobo,10_ztirom22,11_theflyingcurryfish154,12_phlap,13_phlap,14_abucnasty_Stage_1,14_abucnasty_Stage_2,14_abucnasty_Stage_3,14_abucnasty,17_henryjk,18_lady_meyneth,19_werezwolf,20_toda1,21_syvkal_STAGE_0,21_syvkal_STAGE_1,21_syvkal,22_mcmayhem57,23_mcmayhem57,24_mcmayhem57,25_ashtroboy_1,25_ashtroboy_Paste_after_sulfur_rounds_corner_and_imediatly_after_lamp_blinks,25_ashtroboy,26_mrcooki4,27_geist,28_geist,29_geist,30_reja,31_minebuilder,32_reja,33_syvkal_STAGE_0,33_syvkal_STAGE_1,33_syvkal,34_osboz,35_henryjk
arithmetic-combinator,0,0,0,0,0,0,0,0,0,0,0,0,0,0,1,1,1,1,0,0,1,2,0,0,0,0,0,0,0,0,0,0,0,1,1,0,0,0,0,0,0,0,0
assembling-machine-3,34,88,36,120,40,76,48,76,44,36,32,288,44,32,32,32,32,32,48,44,48,46,72,72,72,52,56,40,24,68,68,78,66,69,70,44,44,44,72,72,72,76,48
assembling-machine-3_advanced-circuit,0,0,0,30,0,0,0,0,0,0,0,0,0,0,0,0,0,0,0,0,0,0,0,0,0,0,0,0,0,0,0,0,0,0,0,0,0,0,0,0,0,0,0
assembling-machine-3_chemical-science-pack,24,44,22,30,22,48,24,52,22,24,21,144,22,22,22,22,22,22,32,22,32,23,48,48,48,26,28,26,0,48,48,52,44,46,52,22,24,22,48,48,48,52,32
assembling-machine-3_circuit_enabled,0,0,0,0,0,0,0,0,0,0,0,0,0,0,1,1,1,1,0,0,0,0,0,0,0,0,0,0,0,0,0,24,66,69,70,0,0,0,0,0,1,0,0
assembling-machine-3_copper-cable,0,0,0,0,0,0,0,0,0,0,0,0,0,0,0,0,0,0,0,0,2,0,0,0,0,0,0,0,0,0,0,0,0,0,0,0,0,0,0,0,0,0,0
assembling-machine-3_electronic-circuit,0,0,0,30,6,0,0,0,0,0,0,0,0,0,0,0,0,0,0,0,0,0,0,0,0,0,0,0,0,0,0,0,0,0,0,0,0,0,0,0,0,0,0
assembling-machine-3_engine-unit,10,44,14,30,12,28,24,24,22,12,11,144,22,10,10,10,10,10,16,22,14,23,24,24,24,26,28,14,24,20,20,26,22,23,18,22,10,22,24,24,24,24,16
assembling-machine-3_iron-gear-wheel,0,0,0,0,0,0,0,0,0,0,0,0,0,0,0,0,0,0,0,0,0,0,0,0,0,0,0,0,0,0,0,0,0,0,0,0,4,0,0,0,0,0,0
assembling-machine-3_pipe,0,0,0,0,0,0,0,0,0,0,0,0,0,0,0,0,0,0,0,0,0,0,0,0,0,0,0,0,0,0,0,0,0,0,0,0,6,0,0,0,0,0,0
beacon,216,474,294,308,332,299,294,242,334,180,222,1556,249,358,315,315,315,315,260,301,311,670,559,559,559,318,199,258,550,550,550,476,551,520,572,224,326,239,559,559,559,247,260
big-electric-pole,0,0,0,0,0,0,0,0,0,0,0,0,0,0,0,0,0,0,0,0,1,0,0,0,0,0,0,0,0,0,0,0,0,0,0,0,0,0,0,0,0,0,0
big-mining-drill,0,0,0,0,0,0,0,0,4,0,0,0,0,0,0,0,0,0,0,4,0,0,0,0,0,0,0,0,0,0,0,0,0,0,0,0,0,0,0,0,0,0,0
big-mining-drill_circuit_enabled,0,0,0,0,0,0,0,0,0,0,0,0,0,0,0,0,0,0,0,4,0,0,0,0,0,0,0,0,0,0,0,0,0,0,0,0,0,0,0,0,0,0,0
bottomless-chest,0,0,0,0,0,0,0,0,0,0,0,0,0,0,0,0,0,0,0,0,0,0,0,0,0,0,0,0,0,0,0,0,0,0,0,0,4,0,0,0,0,0,0
burner-inserter,0,0,0,0,0,0,0,0,0,0,0,0,0,0,0,0,0,0,0,0,0,0,0,0,0,0,0,0,0,0,0,0,0,0,0,0,3010,0,0,0,0,0,0
burner-inserter_chest_to_chest,0,0,0,0,0,0,0,0,0,0,0,0,0,0,0,0,0,0,0,0,0,0,0,0,0,0,0,0,0,0,0,0,0,0,0,0,1,0,0,0,0,0,0
burner-inserter_chest_to_chest_circuit_enabled,0,0,0,0,0,0,0,0,0,0,0,0,0,0,0,0,0,0,0,0,0,0,0,0,0,0,0,0,0,0,0,0,0,0,0,0,1,0,0,0,0,0,0
burner-inserter_circuit_enabled,0,0,0,0,0,0,0,0,0,0,0,0,0,0,0,0,0,0,0,0,0,0,0,0,0,0,0,0,0,0,0,0,0,0,0,0,2399,0,0,0,0,0,0
burner-inserter_direct_insertion,0,0,0,0,0,0,0,0,0,0,0,0,0,0,0,0,0,0,0,0,0,0,0,0,0,0,0,0,0,0,0,0,0,0,0,0,120,0,0,0,0,0,0
burner-inserter_direct_insertion_circuit_enabled,0,0,0,0,0,0,0,0,0,0,0,0,0,0,0,0,0,0,0,0,0,0,0,0,0,0,0,0,0,0,0,0,0,0,0,0,110,0,0,0,0,0,0
burner-inserter_from_assembling-machine-3_chemical-science-pack,0,0,0,0,0,0,0,0,0,0,0,0,0,0,0,0,0,0,0,0,0,0,0,0,0,0,0,0,0,0,0,0,0,0,0,0,48,0,0,0,0,0,0
burner-inserter_from_assembling-machine-3_chemical-science-pack_circuit_enabled,0,0,0,0,0,0,0,0,0,0,0,0,0,0,0,0,0,0,0,0,0,0,0,0,0,0,0,0,0,0,0,0,0,0,0,0,48,0,0,0,0,0,0
burner-inserter_from_assembling-machine-3_chemical-science-pack_to_express-underground-belt,0,0,0,0,0,0,0,0,0,0,0,0,0,0,0,0,0,0,0,0,0,0,0,0,0,0,0,0,0,0,0,0,0,0,0,0,4,0,0,0,0,0,0
burner-inserter_from_assembling-machine-3_chemical-science-pack_to_express-underground-belt_circuit_enabled,0,0,0,0,0,0,0,0,0,0,0,0,0,0,0,0,0,0,0,0,0,0,0,0,0,0,0,0,0,0,0,0,0,0,0,0,4,0,0,0,0,0,0
burner-inserter_from_assembling-machine-3_chemical-science-pack_to_turbo-transport-belt,0,0,0,0,0,0,0,0,0,0,0,0,0,0,0,0,0,0,0,0,0,0,0,0,0,0,0,0,0,0,0,0,0,0,0,0,14,0,0,0,0,0,0
burner-inserter_from_assembling-machine-3_chemical-science-pack_to_turbo-transport-belt_circuit_enabled,0,0,0,0,0,0,0,0,0,0,0,0,0,0,0,0,0,0,0,0,0,0,0,0,0,0,0,0,0,0,0,0,0,0,0,0,14,0,0,0,0,0,0
burner-inserter_from_assembling-machine-3_chemical-science-pack_to_turbo-underground-belt,0,0,0,0,0,0,0,0,0,0,0,0,0,0,0,0,0,0,0,0,0,0,0,0,0,0,0,0,0,0,0,0,0,0,0,0,30,0,0,0,0,0,0
burner-inserter_from_assembling-machine-3_chemical-science-pack_to_turbo-underground-belt_circuit_enabled,0,0,0,0,0,0,0,0,0,0,0,0,0,0,0,0,0,0,0,0,0,0,0,0,0,0,0,0,0,0,0,0,0,0,0,0,30,0,0,0,0,0,0
burner-inserter_from_assembling-machine-3_engine-unit,0,0,0,0,0,0,0,0,0,0,0,0,0,0,0,0,0,0,0,0,0,0,0,0,0,0,0,0,0,0,0,0,0,0,0,0,20,0,0,0,0,0,0
burner-inserter_from_assembling-machine-3_engine-unit_to_turbo-underground-belt,0,0,0,0,0,0,0,0,0,0,0,0,0,0,0,0,0,0,0,0,0,0,0,0,0,0,0,0,0,0,0,0,0,0,0,0,20,0,0,0,0,0,0
burner-inserter_from_assembling-machine-3_iron-gear-wheel,0,0,0,0,0,0,0,0,0,0,0,0,0,0,0,0,0,0,0,0,0,0,0,0,0,0,0,0,0,0,0,0,0,0,0,0,12,0,0,0,0,0,0
burner-inserter_from_assembling-machine-3_iron-gear-wheel_to_turbo-underground-belt,0,0,0,0,0,0,0,0,0,0,0,0,0,0,0,0,0,0,0,0,0,0,0,0,0,0,0,0,0,0,0,0,0,0,0,0,12,0,0,0,0,0,0
burner-inserter_from_assembling-machine-3_pipe,0,0,0,0,0,0,0,0,0,0,0,0,0,0,0,0,0,0,0,0,0,0,0,0,0,0,0,0,0,0,0,0,0,0,0,0,18,0,0,0,0,0,0
burner-inserter_from_assembling-machine-3_pipe_to_express-underground-belt,0,0,0,0,0,0,0,0,0,0,0,0,0,0,0,0,0,0,0,0,0,0,0,0,0,0,0,0,0,0,0,0,0,0,0,0,2,0,0,0,0,0,0
burner-inserter_from_assembling-machine-3_pipe_to_turbo-transport-belt,0,0,0,0,0,0,0,0,0,0,0,0,0,0,0,0,0,0,0,0,0,0,0,0,0,0,0,0,0,0,0,0,0,0,0,0,1,0,0,0,0,0,0
burner-inserter_from_assembling-machine-3_pipe_to_turbo-underground-belt,0,0,0,0,0,0,0,0,0,0,0,0,0,0,0,0,0,0,0,0,0,0,0,0,0,0,0,0,0,0,0,0,0,0,0,0,15,0,0,0,0,0,0
burner-inserter_from_belt,0,0,0,0,0,0,0,0,0,0,0,0,0,0,0,0,0,0,0,0,0,0,0,0,0,0,0,0,0,0,0,0,0,0,0,0,2040,0,0,0,0,0,0
burner-inserter_from_belt_circuit_enabled,0,0,0,0,0,0,0,0,0,0,0,0,0,0,0,0,0,0,0,0,0,0,0,0,0,0,0,0,0,0,0,0,0,0,0,0,1509,0,0,0,0,0,0
burner-inserter_from_building,0,0,0,0,0,0,0,0,0,0,0,0,0,0,0,0,0,0,0,0,0,0,0,0,0,0,0,0,0,0,0,0,0,0,0,0,949,0,0,0,0,0,0
burner-inserter_from_building_circuit_enabled,0,0,0,0,0,0,0,0,0,0,0,0,0,0,0,0,0,0,0,0,0,0,0,0,0,0,0,0,0,0,0,0,0,0,0,0,889,0,0,0,0,0,0
burner-inserter_from_chemical-plant_plastic-bar,0,0,0,0,0,0,0,0,0,0,0,0,0,0,0,0,0,0,0,0,0,0,0,0,0,0,0,0,0,0,0,0,0,0,0,0,24,0,0,0,0,0,0
burner-inserter_from_chemical-plant_plastic-bar_circuit_enabled,0,0,0,0,0,0,0,0,0,0,0,0,0,0,0,0,0,0,0,0,0,0,0,0,0,0,0,0,0,0,0,0,0,0,0,0,24,0,0,0,0,0,0
burner-inserter_from_chemical-plant_plastic-bar_to_electromagnetic-plant_advanced-circuit,0,0,0,0,0,0,0,0,0,0,0,0,0,0,0,0,0,0,0,0,0,0,0,0,0,0,0,0,0,0,0,0,0,0,0,0,24,0,0,0,0,0,0
burner-inserter_from_chemical-plant_plastic-bar_to_electromagnetic-plant_advanced-circuit_circuit_enabled,0,0,0,0,0,0,0,0,0,0,0,0,0,0,0,0,0,0,0,0,0,0,0,0,0,0,0,0,0,0,0,0,0,0,0,0,24,0,0,0,0,0,0
burner-inserter_from_chemical-plant_sulfur,0,0,0,0,0,0,0,0,0,0,0,0,0,0,0,0,0,0,0,0,0,0,0,0,0,0,0,0,0,0,0,0,0,0,0,0,12,0,0,0,0,0,0
burner-inserter_from_chemical-plant_sulfur_circuit_enabled,0,0,0,0,0,0,0,0,0,0,0,0,0,0,0,0,0,0,0,0,0,0,0,0,0,0,0,0,0,0,0,0,0,0,0,0,12,0,0,0,0,0,0
burner-inserter_from_chemical-plant_sulfur_to_turbo-underground-belt,0,0,0,0,0,0,0,0,0,0,0,0,0,0,0,0,0,0,0,0,0,0,0,0,0,0,0,0,0,0,0,0,0,0,0,0,12,0,0,0,0,0,0
burner-inserter_from_chemical-plant_sulfur_to_turbo-underground-belt_circuit_enabled,0,0,0,0,0,0,0,0,0,0,0,0,0,0,0,0,0,0,0,0,0,0,0,0,0,0,0,0,0,0,0,0,0,0,0,0,12,0,0,0,0,0,0
burner-inserter_from_chest,0,0,0,0,0,0,0,0,0,0,0,0,0,0,0,0,0,0,0,0,0,0,0,0,0,0,0,0,0,0,0,0,0,0,0,0,1,0,0,0,0,0,0
burner-inserter_from_chest_circuit_enabled,0,0,0,0,0,0,0,0,0,0,0,0,0,0,0,0,0,0,0,0,0,0,0,0,0,0,0,0,0,0,0,0,0,0,0,0,1,0,0,0,0,0,0
burner-inserter_from_electromagnetic-plant_advanced-circuit,0,0,0,0,0,0,0,0,0,0,0,0,0,0,0,0,0,0,0,0,0,0,0,0,0,0,0,0,0,0,0,0,0,0,0,0,48,0,0,0,0,0,0
burner-inserter_from_electromagnetic-plant_advanced-circuit_circuit_enabled,0,0,0,0,0,0,0,0,0,0,0,0,0,0,0,0,0,0,0,0,0,0,0,0,0,0,0,0,0,0,0,0,0,0,0,0,48,0,0,0,0,0,0
burner-inserter_from_electromagnetic-plant_advanced-circuit_to_express-underground-belt,0,0,0,0,0,0,0,0,0,0,0,0,0,0,0,0,0,0,0,0,0,0,0,0,0,0,0,0,0,0,0,0,0,0,0,0,2,0,0,0,0,0,0
burner-inserter_from_electromagnetic-plant_advanced-circuit_to_express-underground-belt_circuit_enabled,0,0,0,0,0,0,0,0,0,0,0,0,0,0,0,0,0,0,0,0,0,0,0,0,0,0,0,0,0,0,0,0,0,0,0,0,2,0,0,0,0,0,0
burner-inserter_from_electromagnetic-plant_advanced-circuit_to_turbo-transport-belt,0,0,0,0,0,0,0,0,0,0,0,0,0,0,0,0,0,0,0,0,0,0,0,0,0,0,0,0,0,0,0,0,0,0,0,0,46,0,0,0,0,0,0
burner-inserter_from_electromagnetic-plant_advanced-circuit_to_turbo-transport-belt_circuit_enabled,0,0,0,0,0,0,0,0,0,0,0,0,0,0,0,0,0,0,0,0,0,0,0,0,0,0,0,0,0,0,0,0,0,0,0,0,46,0,0,0,0,0,0
burner-inserter_from_electromagnetic-plant_copper-cable,0,0,0,0,0,0,0,0,0,0,0,0,0,0,0,0,0,0,0,0,0,0,0,0,0,0,0,0,0,0,0,0,0,0,0,0,72,0,0,0,0,0,0
burner-inserter_from_electromagnetic-plant_copper-cable_circuit_enabled,0,0,0,0,0,0,0,0,0,0,0,0,0,0,0,0,0,0,0,0,0,0,0,0,0,0,0,0,0,0,0,0,0,0,0,0,62,0,0,0,0,0,0
burner-inserter_from_electromagnetic-plant_copper-cable_to_electromagnetic-plant_advanced-circuit,0,0,0,0,0,0,0,0,0,0,0,0,0,0,0,0,0,0,0,0,0,0,0,0,0,0,0,0,0,0,0,0,0,0,0,0,48,0,0,0,0,0,0
burner-inserter_from_electromagnetic-plant_copper-cable_to_electromagnetic-plant_advanced-circuit_circuit_enabled,0,0,0,0,0,0,0,0,0,0,0,0,0,0,0,0,0,0,0,0,0,0,0,0,0,0,0,0,0,0,0,0,0,0,0,0,48,0,0,0,0,0,0
burner-inserter_from_electromagnetic-plant_copper-cable_to_electromagnetic-plant_electronic-circuit,0,0,0,0,0,0,0,0,0,0,0,0,0,0,0,0,0,0,0,0,0,0,0,0,0,0,0,0,0,0,0,0,0,0,0,0,24,0,0,0,0,0,0
burner-inserter_from_electromagnetic-plant_copper-cable_to_electromagnetic-plant_electronic-circuit_circuit_enabled,0,0,0,0,0,0,0,0,0,0,0,0,0,0,0,0,0,0,0,0,0,0,0,0,0,0,0,0,0,0,0,0,0,0,0,0,14,0,0,0,0,0,0
burner-inserter_from_electromagnetic-plant_electronic-circuit,0,0,0,0,0,0,0,0,0,0,0,0,0,0,0,0,0,0,0,0,0,0,0,0,0,0,0,0,0,0,0,0,0,0,0,0,24,0,0,0,0,0,0
burner-inserter_from_electromagnetic-plant_electronic-circuit_circuit_enabled,0,0,0,0,0,0,0,0,0,0,0,0,0,0,0,0,0,0,0,0,0,0,0,0,0,0,0,0,0,0,0,0,0,0,0,0,24,0,0,0,0,0,0
burner-inserter_from_electromagnetic-plant_electronic-circuit_to_electromagnetic-plant_advanced-circuit,0,0,0,0,0,0,0,0,0,0,0,0,0,0,0,0,0,0,0,0,0,0,0,0,0,0,0,0,0,0,0,0,0,0,0,0,24,0,0,0,0,0,0
burner-inserter_from_electromagnetic-plant_electronic-circuit_to_electromagnetic-plant_advanced-circuit_circuit_enabled,0,0,0,0,0,0,0,0,0,0,0,0,0,0,0,0,0,0,0,0,0,0,0,0,0,0,0,0,0,0,0,0,0,0,0,0,24,0,0,0,0,0,0
burner-inserter_from_express-underground-belt,0,0,0,0,0,0,0,0,0,0,0,0,0,0,0,0,0,0,0,0,0,0,0,0,0,0,0,0,0,0,0,0,0,0,0,0,130,0,0,0,0,0,0
burner-inserter_from_express-underground-belt_circuit_enabled,0,0,0,0,0,0,0,0,0,0,0,0,0,0,0,0,0,0,0,0,0,0,0,0,0,0,0,0,0,0,0,0,0,0,0,0,40,0,0,0,0,0,0
burner-inserter_from_express-underground-belt_to_assembling-machine-3_chemical-science-pack,0,0,0,0,0,0,0,0,0,0,0,0,0,0,0,0,0,0,0,0,0,0,0,0,0,0,0,0,0,0,0,0,0,0,0,0,40,0,0,0,0,0,0
burner-inserter_from_express-underground-belt_to_assembling-machine-3_chemical-science-pack_circuit_enabled,0,0,0,0,0,0,0,0,0,0,0,0,0,0,0,0,0,0,0,0,0,0,0,0,0,0,0,0,0,0,0,0,0,0,0,0,40,0,0,0,0,0,0
burner-inserter_from_express-underground-belt_to_turbo-transport-belt,0,0,0,0,0,0,0,0,0,0,0,0,0,0,0,0,0,0,0,0,0,0,0,0,0,0,0,0,0,0,0,0,0,0,0,0,2,0,0,0,0,0,0
burner-inserter_from_fast-transport-belt,0,0,0,0,0,0,0,0,0,0,0,0,0,0,0,0,0,0,0,0,0,0,0,0,0,0,0,0,0,0,0,0,0,0,0,0,22,0,0,0,0,0,0
burner-inserter_from_steel-chest,0,0,0,0,0,0,0,0,0,0,0,0,0,0,0,0,0,0,0,0,0,0,0,0,0,0,0,0,0,0,0,0,0,0,0,0,1,0,0,0,0,0,0
burner-inserter_from_steel-chest_circuit_enabled,0,0,0,0,0,0,0,0,0,0,0,0,0,0,0,0,0,0,0,0,0,0,0,0,0,0,0,0,0,0,0,0,0,0,0,0,1,0,0,0,0,0,0
burner-inserter_from_steel-chest_to_steel-chest,0,0,0,0,0,0,0,0,0,0,0,0,0,0,0,0,0,0,0,0,0,0,0,0,0,0,0,0,0,0,0,0,0,0,0,0,1,0,0,0,0,0,0
burner-inserter_from_steel-chest_to_steel-chest_circuit_enabled,0,0,0,0,0,0,0,0,0,0,0,0,0,0,0,0,0,0,0,0,0,0,0,0,0,0,0,0,0,0,0,0,0,0,0,0,1,0,0,0,0,0,0
burner-inserter_from_stone-furnace_undefined,0,0,0,0,0,0,0,0,0,0,0,0,0,0,0,0,0,0,0,0,0,0,0,0,0,0,0,0,0,0,0,0,0,0,0,0,671,0,0,0,0,0,0
burner-inserter_from_stone-furnace_undefined_circuit_enabled,0,0,0,0,0,0,0,0,0,0,0,0,0,0,0,0,0,0,0,0,0,0,0,0,0,0,0,0,0,0,0,0,0,0,0,0,671,0,0,0,0,0,0
burner-inserter_from_stone-furnace_undefined_to_turbo-transport-belt,0,0,0,0,0,0,0,0,0,0,0,0,0,0,0,0,0,0,0,0,0,0,0,0,0,0,0,0,0,0,0,0,0,0,0,0,4,0,0,0,0,0,0
burner-inserter_from_stone-furnace_undefined_to_turbo-transport-belt_circuit_enabled,0,0,0,0,0,0,0,0,0,0,0,0,0,0,0,0,0,0,0,0,0,0,0,0,0,0,0,0,0,0,0,0,0,0,0,0,4,0,0,0,0,0,0
burner-inserter_from_stone-furnace_undefined_to_turbo-underground-belt,0,0,0,0,0,0,0,0,0,0,0,0,0,0,0,0,0,0,0,0,0,0,0,0,0,0,0,0,0,0,0,0,0,0,0,0,667,0,0,0,0,0,0
burner-inserter_from_stone-furnace_undefined_to_turbo-underground-belt_circuit_enabled,0,0,0,0,0,0,0,0,0,0,0,0,0,0,0,0,0,0,0,0,0,0,0,0,0,0,0,0,0,0,0,0,0,0,0,0,667,0,0,0,0,0,0
burner-inserter_from_turbo-splitter,0,0,0,0,0,0,0,0,0,0,0,0,0,0,0,0,0,0,0,0,0,0,0,0,0,0,0,0,0,0,0,0,0,0,0,0,158,0,0,0,0,0,0
burner-inserter_from_turbo-transport-belt,0,0,0,0,0,0,0,0,0,0,0,0,0,0,0,0,0,0,0,0,0,0,0,0,0,0,0,0,0,0,0,0,0,0,0,0,79,0,0,0,0,0,0
burner-inserter_from_turbo-transport-belt_circuit_enabled,0,0,0,0,0,0,0,0,0,0,0,0,0,0,0,0,0,0,0,0,0,0,0,0,0,0,0,0,0,0,0,0,0,0,0,0,53,0,0,0,0,0,0
burner-inserter_from_turbo-transport-belt_to_assembling-machine-3_chemical-science-pack,0,0,0,0,0,0,0,0,0,0,0,0,0,0,0,0,0,0,0,0,0,0,0,0,0,0,0,0,0,0,0,0,0,0,0,0,8,0,0,0,0,0,0
burner-inserter_from_turbo-transport-belt_to_assembling-machine-3_chemical-science-pack_circuit_enabled,0,0,0,0,0,0,0,0,0,0,0,0,0,0,0,0,0,0,0,0,0,0,0,0,0,0,0,0,0,0,0,0,0,0,0,0,8,0,0,0,0,0,0
burner-inserter_from_turbo-transport-belt_to_chemical-plant_plastic-bar,0,0,0,0,0,0,0,0,0,0,0,0,0,0,0,0,0,0,0,0,0,0,0,0,0,0,0,0,0,0,0,0,0,0,0,0,16,0,0,0,0,0,0
burner-inserter_from_turbo-transport-belt_to_chemical-plant_plastic-bar_circuit_enabled,0,0,0,0,0,0,0,0,0,0,0,0,0,0,0,0,0,0,0,0,0,0,0,0,0,0,0,0,0,0,0,0,0,0,0,0,16,0,0,0,0,0,0
burner-inserter_from_turbo-transport-belt_to_electromagnetic-plant_copper-cable,0,0,0,0,0,0,0,0,0,0,0,0,0,0,0,0,0,0,0,0,0,0,0,0,0,0,0,0,0,0,0,0,0,0,0,0,12,0,0,0,0,0,0
burner-inserter_from_turbo-transport-belt_to_electromagnetic-plant_copper-cable_circuit_enabled,0,0,0,0,0,0,0,0,0,0,0,0,0,0,0,0,0,0,0,0,0,0,0,0,0,0,0,0,0,0,0,0,0,0,0,0,12,0,0,0,0,0,0
burner-inserter_from_turbo-transport-belt_to_express-transport-belt,0,0,0,0,0,0,0,0,0,0,0,0,0,0,0,0,0,0,0,0,0,0,0,0,0,0,0,0,0,0,0,0,0,0,0,0,2,0,0,0,0,0,0
burner-inserter_from_turbo-transport-belt_to_express-transport-belt_circuit_enabled,0,0,0,0,0,0,0,0,0,0,0,0,0,0,0,0,0,0,0,0,0,0,0,0,0,0,0,0,0,0,0,0,0,0,0,0,2,0,0,0,0,0,0
burner-inserter_from_turbo-transport-belt_to_fast-transport-belt,0,0,0,0,0,0,0,0,0,0,0,0,0,0,0,0,0,0,0,0,0,0,0,0,0,0,0,0,0,0,0,0,0,0,0,0,2,0,0,0,0,0,0
burner-inserter_from_turbo-transport-belt_to_fast-transport-belt_circuit_enabled,0,0,0,0,0,0,0,0,0,0,0,0,0,0,0,0,0,0,0,0,0,0,0,0,0,0,0,0,0,0,0,0,0,0,0,0,2,0,0,0,0,0,0
burner-inserter_from_turbo-transport-belt_to_steel-chest,0,0,0,0,0,0,0,0,0,0,0,0,0,0,0,0,0,0,0,0,0,0,0,0,0,0,0,0,0,0,0,0,0,0,0,0,2,0,0,0,0,0,0
burner-inserter_from_turbo-transport-belt_to_steel-chest_circuit_enabled,0,0,0,0,0,0,0,0,0,0,0,0,0,0,0,0,0,0,0,0,0,0,0,0,0,0,0,0,0,0,0,0,0,0,0,0,2,0,0,0,0,0,0
burner-inserter_from_turbo-transport-belt_to_transport-belt,0,0,0,0,0,0,0,0,0,0,0,0,0,0,0,0,0,0,0,0,0,0,0,0,0,0,0,0,0,0,0,0,0,0,0,0,2,0,0,0,0,0,0
burner-inserter_from_turbo-transport-belt_to_transport-belt_circuit_enabled,0,0,0,0,0,0,0,0,0,0,0,0,0,0,0,0,0,0,0,0,0,0,0,0,0,0,0,0,0,0,0,0,0,0,0,0,2,0,0,0,0,0,0
burner-inserter_from_turbo-transport-belt_to_turbo-transport-belt,0,0,0,0,0,0,0,0,0,0,0,0,0,0,0,0,0,0,0,0,0,0,0,0,0,0,0,0,0,0,0,0,0,0,0,0,9,0,0,0,0,0,0
burner-inserter_from_turbo-transport-belt_to_turbo-transport-belt_circuit_enabled,0,0,0,0,0,0,0,0,0,0,0,0,0,0,0,0,0,0,0,0,0,0,0,0,0,0,0,0,0,0,0,0,0,0,0,0,9,0,0,0,0,0,0
burner-inserter_from_turbo-underground-belt,0,0,0,0,0,0,0,0,0,0,0,0,0,0,0,0,0,0,0,0,0,0,0,0,0,0,0,0,0,0,0,0,0,0,0,0,1651,0,0,0,0,0,0
burner-inserter_from_turbo-underground-belt_circuit_enabled,0,0,0,0,0,0,0,0,0,0,0,0,0,0,0,0,0,0,0,0,0,0,0,0,0,0,0,0,0,0,0,0,0,0,0,0,1416,0,0,0,0,0,0
burner-inserter_from_turbo-underground-belt_to_assembling-machine-3_chemical-science-pack,0,0,0,0,0,0,0,0,0,0,0,0,0,0,0,0,0,0,0,0,0,0,0,0,0,0,0,0,0,0,0,0,0,0,0,0,48,0,0,0,0,0,0
burner-inserter_from_turbo-underground-belt_to_assembling-machine-3_chemical-science-pack_circuit_enabled,0,0,0,0,0,0,0,0,0,0,0,0,0,0,0,0,0,0,0,0,0,0,0,0,0,0,0,0,0,0,0,0,0,0,0,0,48,0,0,0,0,0,0
burner-inserter_from_turbo-underground-belt_to_assembling-machine-3_engine-unit,0,0,0,0,0,0,0,0,0,0,0,0,0,0,0,0,0,0,0,0,0,0,0,0,0,0,0,0,0,0,0,0,0,0,0,0,40,0,0,0,0,0,0
burner-inserter_from_turbo-underground-belt_to_assembling-machine-3_iron-gear-wheel,0,0,0,0,0,0,0,0,0,0,0,0,0,0,0,0,0,0,0,0,0,0,0,0,0,0,0,0,0,0,0,0,0,0,0,0,12,0,0,0,0,0,0
burner-inserter_from_turbo-underground-belt_to_assembling-machine-3_pipe,0,0,0,0,0,0,0,0,0,0,0,0,0,0,0,0,0,0,0,0,0,0,0,0,0,0,0,0,0,0,0,0,0,0,0,0,18,0,0,0,0,0,0
burner-inserter_from_turbo-underground-belt_to_electromagnetic-plant_copper-cable,0,0,0,0,0,0,0,0,0,0,0,0,0,0,0,0,0,0,0,0,0,0,0,0,0,0,0,0,0,0,0,0,0,0,0,0,12,0,0,0,0,0,0
burner-inserter_from_turbo-underground-belt_to_electromagnetic-plant_copper-cable_circuit_enabled,0,0,0,0,0,0,0,0,0,0,0,0,0,0,0,0,0,0,0,0,0,0,0,0,0,0,0,0,0,0,0,0,0,0,0,0,12,0,0,0,0,0,0
burner-inserter_from_turbo-underground-belt_to_electromagnetic-plant_electronic-circuit,0,0,0,0,0,0,0,0,0,0,0,0,0,0,0,0,0,0,0,0,0,0,0,0,0,0,0,0,0,0,0,0,0,0,0,0,12,0,0,0,0,0,0
burner-inserter_from_turbo-underground-belt_to_electromagnetic-plant_electronic-circuit_circuit_enabled,0,0,0,0,0,0,0,0,0,0,0,0,0,0,0,0,0,0,0,0,0,0,0,0,0,0,0,0,0,0,0,0,0,0,0,0,12,0,0,0,0,0,0
burner-inserter_from_turbo-underground-belt_to_stone-furnace_undefined,0,0,0,0,0,0,0,0,0,0,0,0,0,0,0,0,0,0,0,0,0,0,0,0,0,0,0,0,0,0,0,0,0,0,0,0,671,0,0,0,0,0,0
burner-inserter_from_turbo-underground-belt_to_stone-furnace_undefined_circuit_enabled,0,0,0,0,0,0,0,0,0,0,0,0,0,0,0,0,0,0,0,0,0,0,0,0,0,0,0,0,0,0,0,0,0,0,0,0,671,0,0,0,0,0,0
burner-inserter_from_turbo-underground-belt_to_transport-belt,0,0,0,0,0,0,0,0,0,0,0,0,0,0,0,0,0,0,0,0,0,0,0,0,0,0,0,0,0,0,0,0,0,0,0,0,1,0,0,0,0,0,0
burner-inserter_from_turbo-underground-belt_to_transport-belt_circuit_enabled,0,0,0,0,0,0,0,0,0,0,0,0,0,0,0,0,0,0,0,0,0,0,0,0,0,0,0,0,0,0,0,0,0,0,0,0,1,0,0,0,0,0,0
burner-inserter_from_turbo-underground-belt_to_turbo-transport-belt,0,0,0,0,0,0,0,0,0,0,0,0,0,0,0,0,0,0,0,0,0,0,0,0,0,0,0,0,0,0,0,0,0,0,0,0,2,0,0,0,0,0,0
burner-inserter_from_turbo-underground-belt_to_turbo-transport-belt_circuit_enabled,0,0,0,0,0,0,0,0,0,0,0,0,0,0,0,0,0,0,0,0,0,0,0,0,0,0,0,0,0,0,0,0,0,0,0,0,2,0,0,0,0,0,0
burner-inserter_from_turbo-underground-belt_to_turbo-underground-belt,0,0,0,0,0,0,0,0,0,0,0,0,0,0,0,0,0,0,0,0,0,0,0,0,0,0,0,0,0,0,0,0,0,0,0,0,2,0,0,0,0,0,0
burner-inserter_to_assembling-machine-3_chemical-science-pack,0,0,0,0,0,0,0,0,0,0,0,0,0,0,0,0,0,0,0,0,0,0,0,0,0,0,0,0,0,0,0,0,0,0,0,0,96,0,0,0,0,0,0
burner-inserter_to_assembling-machine-3_chemical-science-pack_circuit_enabled,0,0,0,0,0,0,0,0,0,0,0,0,0,0,0,0,0,0,0,0,0,0,0,0,0,0,0,0,0,0,0,0,0,0,0,0,96,0,0,0,0,0,0
burner-inserter_to_assembling-machine-3_engine-unit,0,0,0,0,0,0,0,0,0,0,0,0,0,0,0,0,0,0,0,0,0,0,0,0,0,0,0,0,0,0,0,0,0,0,0,0,40,0,0,0,0,0,0
burner-inserter_to_assembling-machine-3_iron-gear-wheel,0,0,0,0,0,0,0,0,0,0,0,0,0,0,0,0,0,0,0,0,0,0,0,0,0,0,0,0,0,0,0,0,0,0,0,0,12,0,0,0,0,0,0
burner-inserter_to_assembling-machine-3_pipe,0,0,0,0,0,0,0,0,0,0,0,0,0,0,0,0,0,0,0,0,0,0,0,0,0,0,0,0,0,0,0,0,0,0,0,0,18,0,0,0,0,0,0
burner-inserter_to_belt,0,0,0,0,0,0,0,0,0,0,0,0,0,0,0,0,0,0,0,0,0,0,0,0,0,0,0,0,0,0,0,0,0,0,0,0,851,0,0,0,0,0,0
burner-inserter_to_belt_circuit_enabled,0,0,0,0,0,0,0,0,0,0,0,0,0,0,0,0,0,0,0,0,0,0,0,0,0,0,0,0,0,0,0,0,0,0,0,0,797,0,0,0,0,0,0
burner-inserter_to_building,0,0,0,0,0,0,0,0,0,0,0,0,0,0,0,0,0,0,0,0,0,0,0,0,0,0,0,0,0,0,0,0,0,0,0,0,1009,0,0,0,0,0,0
burner-inserter_to_building_circuit_enabled,0,0,0,0,0,0,0,0,0,0,0,0,0,0,0,0,0,0,0,0,0,0,0,0,0,0,0,0,0,0,0,0,0,0,0,0,929,0,0,0,0,0,0
burner-inserter_to_chemical-plant_plastic-bar,0,0,0,0,0,0,0,0,0,0,0,0,0,0,0,0,0,0,0,0,0,0,0,0,0,0,0,0,0,0,0,0,0,0,0,0,16,0,0,0,0,0,0
burner-inserter_to_chemical-plant_plastic-bar_circuit_enabled,0,0,0,0,0,0,0,0,0,0,0,0,0,0,0,0,0,0,0,0,0,0,0,0,0,0,0,0,0,0,0,0,0,0,0,0,16,0,0,0,0,0,0
burner-inserter_to_chest,0,0,0,0,0,0,0,0,0,0,0,0,0,0,0,0,0,0,0,0,0,0,0,0,0,0,0,0,0,0,0,0,0,0,0,0,3,0,0,0,0,0,0
burner-inserter_to_chest_circuit_enabled,0,0,0,0,0,0,0,0,0,0,0,0,0,0,0,0,0,0,0,0,0,0,0,0,0,0,0,0,0,0,0,0,0,0,0,0,3,0,0,0,0,0,0
burner-inserter_to_electromagnetic-plant_advanced-circuit,0,0,0,0,0,0,0,0,0,0,0,0,0,0,0,0,0,0,0,0,0,0,0,0,0,0,0,0,0,0,0,0,0,0,0,0,96,0,0,0,0,0,0
burner-inserter_to_electromagnetic-plant_advanced-circuit_circuit_enabled,0,0,0,0,0,0,0,0,0,0,0,0,0,0,0,0,0,0,0,0,0,0,0,0,0,0,0,0,0,0,0,0,0,0,0,0,96,0,0,0,0,0,0
burner-inserter_to_electromagnetic-plant_copper-cable,0,0,0,0,0,0,0,0,0,0,0,0,0,0,0,0,0,0,0,0,0,0,0,0,0,0,0,0,0,0,0,0,0,0,0,0,24,0,0,0,0,0,0
burner-inserter_to_electromagnetic-plant_copper-cable_circuit_enabled,0,0,0,0,0,0,0,0,0,0,0,0,0,0,0,0,0,0,0,0,0,0,0,0,0,0,0,0,0,0,0,0,0,0,0,0,24,0,0,0,0,0,0
burner-inserter_to_electromagnetic-plant_electronic-circuit,0,0,0,0,0,0,0,0,0,0,0,0,0,0,0,0,0,0,0,0,0,0,0,0,0,0,0,0,0,0,0,0,0,0,0,0,36,0,0,0,0,0,0
burner-inserter_to_electromagnetic-plant_electronic-circuit_circuit_enabled,0,0,0,0,0,0,0,0,0,0,0,0,0,0,0,0,0,0,0,0,0,0,0,0,0,0,0,0,0,0,0,0,0,0,0,0,26,0,0,0,0,0,0
burner-inserter_to_express-transport-belt,0,0,0,0,0,0,0,0,0,0,0,0,0,0,0,0,0,0,0,0,0,0,0,0,0,0,0,0,0,0,0,0,0,0,0,0,2,0,0,0,0,0,0
burner-inserter_to_express-transport-belt_circuit_enabled,0,0,0,0,0,0,0,0,0,0,0,0,0,0,0,0,0,0,0,0,0,0,0,0,0,0,0,0,0,0,0,0,0,0,0,0,2,0,0,0,0,0,0
burner-inserter_to_express-underground-belt,0,0,0,0,0,0,0,0,0,0,0,0,0,0,0,0,0,0,0,0,0,0,0,0,0,0,0,0,0,0,0,0,0,0,0,0,8,0,0,0,0,0,0
burner-inserter_to_express-underground-belt_circuit_enabled,0,0,0,0,0,0,0,0,0,0,0,0,0,0,0,0,0,0,0,0,0,0,0,0,0,0,0,0,0,0,0,0,0,0,0,0,6,0,0,0,0,0,0
burner-inserter_to_fast-transport-belt,0,0,0,0,0,0,0,0,0,0,0,0,0,0,0,0,0,0,0,0,0,0,0,0,0,0,0,0,0,0,0,0,0,0,0,0,2,0,0,0,0,0,0
burner-inserter_to_fast-transport-belt_circuit_enabled,0,0,0,0,0,0,0,0,0,0,0,0,0,0,0,0,0,0,0,0,0,0,0,0,0,0,0,0,0,0,0,0,0,0,0,0,2,0,0,0,0,0,0
burner-inserter_to_steel-chest,0,0,0,0,0,0,0,0,0,0,0,0,0,0,0,0,0,0,0,0,0,0,0,0,0,0,0,0,0,0,0,0,0,0,0,0,3,0,0,0,0,0,0
burner-inserter_to_steel-chest_circuit_enabled,0,0,0,0,0,0,0,0,0,0,0,0,0,0,0,0,0,0,0,0,0,0,0,0,0,0,0,0,0,0,0,0,0,0,0,0,3,0,0,0,0,0,0
burner-inserter_to_stone-furnace_undefined,0,0,0,0,0,0,0,0,0,0,0,0,0,0,0,0,0,0,0,0,0,0,0,0,0,0,0,0,0,0,0,0,0,0,0,0,671,0,0,0,0,0,0
burner-inserter_to_stone-furnace_undefined_circuit_enabled,0,0,0,0,0,0,0,0,0,0,0,0,0,0,0,0,0,0,0,0,0,0,0,0,0,0,0,0,0,0,0,0,0,0,0,0,671,0,0,0,0,0,0
burner-inserter_to_transport-belt,0,0,0,0,0,0,0,0,0,0,0,0,0,0,0,0,0,0,0,0,0,0,0,0,0,0,0,0,0,0,0,0,0,0,0,0,3,0,0,0,0,0,0
burner-inserter_to_transport-belt_circuit_enabled,0,0,0,0,0,0,0,0,0,0,0,0,0,0,0,0,0,0,0,0,0,0,0,0,0,0,0,0,0,0,0,0,0,0,0,0,3,0,0,0,0,0,0
burner-inserter_to_turbo-transport-belt,0,0,0,0,0,0,0,0,0,0,0,0,0,0,0,0,0,0,0,0,0,0,0,0,0,0,0,0,0,0,0,0,0,0,0,0,78,0,0,0,0,0,0
burner-inserter_to_turbo-transport-belt_circuit_enabled,0,0,0,0,0,0,0,0,0,0,0,0,0,0,0,0,0,0,0,0,0,0,0,0,0,0,0,0,0,0,0,0,0,0,0,0,75,0,0,0,0,0,0
burner-inserter_to_turbo-underground-belt,0,0,0,0,0,0,0,0,0,0,0,0,0,0,0,0,0,0,0,0,0,0,0,0,0,0,0,0,0,0,0,0,0,0,0,0,758,0,0,0,0,0,0
burner-inserter_to_turbo-underground-belt_circuit_enabled,0,0,0,0,0,0,0,0,0,0,0,0,0,0,0,0,0,0,0,0,0,0,0,0,0,0,0,0,0,0,0,0,0,0,0,0,709,0,0,0,0,0,0
cargo-wagon,0,0,0,60,0,6,0,0,4,2,8,0,0,0,0,0,0,0,0,4,0,69,24,24,24,2,2,2,0,0,0,0,0,0,0,0,0,0,24,24,24,0,0
chemical-plant,0,0,0,0,0,2,0,0,0,0,0,0,0,0,0,0,0,0,16,0,0,2,0,0,0,0,0,0,24,24,24,0,0,0,0,0,19,0,0,0,0,0,16
chemical-plant_circuit_enabled,0,0,0,0,0,0,0,0,0,0,0,0,0,0,0,0,0,0,0,0,0,2,0,0,0,0,0,0,0,0,0,0,0,0,0,0,0,0,0,0,0,0,0
chemical-plant_heavy-oil-cracking,0,0,0,0,0,0,0,0,0,0,0,0,0,0,0,0,0,0,0,0,0,1,0,0,0,0,0,0,0,0,0,0,0,0,0,0,0,0,0,0,0,0,0
chemical-plant_light-oil-cracking,0,0,0,0,0,0,0,0,0,0,0,0,0,0,0,0,0,0,0,0,0,1,0,0,0,0,0,0,0,0,0,0,0,0,0,0,0,0,0,0,0,0,0
chemical-plant_plastic-bar,0,0,0,0,0,2,0,0,0,0,0,0,0,0,0,0,0,0,16,0,0,0,0,0,0,0,0,0,24,24,24,0,0,0,0,0,16,0,0,0,0,0,16
chemical-plant_sulfur,0,0,0,0,0,0,0,0,0,0,0,0,0,0,0,0,0,0,0,0,0,0,0,0,0,0,0,0,0,0,0,0,0,0,0,0,3,0,0,0,0,0,0
constant-combinator,5,0,0,1,3,6,0,8,0,65,10,5,0,1,24,24,23,23,5,0,2,5,3,3,3,1,0,38,75,75,75,7,59,31,137,5,0,6,2,2,3,8,6
cryogenic-plant,2,10,7,60,4,2,25,2,5,3,3,2,3,3,3,3,3,3,1,5,2,46,5,5,5,2,2,2,1,1,1,6,5,5,40,2,0,2,5,5,5,2,1
cryogenic-plant_circuit_enabled,0,0,0,0,0,0,0,0,0,1,0,0,0,0,0,0,0,0,0,0,0,0,5,5,5,0,0,0,0,0,0,0,0,0,26,0,0,0,5,5,5,0,0
cryogenic-plant_plastic-bar,1,8,6,30,3,0,24,1,4,2,2,1,2,2,2,2,2,2,0,4,1,23,4,4,4,1,1,1,0,0,0,5,4,4,14,1,0,1,4,4,4,1,0
cryogenic-plant_sulfur,1,2,1,30,1,2,1,1,1,1,1,1,1,1,1,1,1,1,1,1,1,23,1,1,1,1,1,1,1,1,1,1,1,1,26,1,0,1,1,1,1,1,1
decider-combinator,0,0,3,1,6,22,0,15,11,24,9,114,12,16,23,23,23,19,14,12,3,21,7,9,12,9,9,7,23,22,22,23,20,27,28,11,0,10,7,9,12,14,14
display-panel,0,0,0,0,0,8,0,0,0,1,0,0,0,0,4,4,3,3,1,0,0,0,0,0,0,1,1,1,0,0,0,0,0,0,0,1,0,0,0,0,0,0,1
ee-infinity-loader,1,0,0,0,0,0,4,5,1,2,0,0,2,2,1,1,1,1,3,1,0,2,0,0,0,2,2,2,7,7,3,4,0,0,0,2,0,2,0,0,0,5,3
ee-infinity-pipe,4,0,0,0,0,0,4,2,0,4,0,0,0,0,4,4,4,4,0,0,0,4,0,0,0,0,0,0,4,4,4,2,0,0,0,0,0,0,0,0,0,2,0
electric-energy-interface,0,0,0,0,0,0,0,0,0,0,0,0,0,0,0,0,0,0,1,0,1,1,0,0,0,0,0,0,0,0,0,0,0,0,0,0,1,0,0,0,0,0,1
electromagnetic-plant,8,10,12,0,6,10,48,20,6,8,8,64,5,5,6,6,6,6,32,6,10,46,9,9,9,9,9,9,0,48,48,20,9,9,27,5,48,5,9,9,9,20,32
electromagnetic-plant_advanced-circuit,6,8,6,0,6,8,24,10,4,6,4,32,4,4,4,4,4,4,16,4,8,23,8,8,8,6,6,6,0,24,24,10,8,8,26,4,24,4,8,8,8,10,16
electromagnetic-plant_circuit_enabled,6,0,0,0,0,0,0,5,0,0,0,0,0,0,3,3,3,3,1,0,0,0,0,0,0,0,0,0,0,24,24,0,0,0,26,0,0,0,0,0,0,5,1
electromagnetic-plant_copper-cable,0,0,0,0,0,0,0,5,0,0,0,16,0,0,0,0,0,0,0,0,0,0,0,0,0,2,2,2,0,0,0,0,0,0,0,0,12,0,0,0,0,5,0
electromagnetic-plant_electronic-circuit,2,2,6,0,0,2,24,5,2,2,4,16,1,1,2,2,2,2,16,2,2,23,1,1,1,1,1,1,0,24,24,10,1,1,1,1,12,1,1,1,1,5,16
express-splitter,0,0,0,0,0,0,0,0,0,0,1,0,0,0,0,0,0,0,0,0,0,0,0,0,0,0,0,0,0,0,0,0,0,0,0,0,0,0,0,0,0,0,0
express-transport-belt,0,0,0,0,0,0,0,0,0,0,19,0,0,0,0,0,0,0,0,0,0,0,0,0,0,0,0,0,0,0,0,0,0,0,0,0,15,0,0,0,0,0,0
express-transport-belt_circuit_enabled,0,0,0,0,0,0,0,0,0,0,0,0,0,0,0,0,0,0,0,0,0,0,0,0,0,0,0,0,0,0,0,0,0,0,0,0,2,0,0,0,0,0,0
express-underground-belt,0,0,0,0,0,60,0,0,0,0,11,0,0,0,2,2,2,2,0,0,0,0,0,0,0,0,0,54,0,0,0,100,0,0,0,0,446,0,0,0,0,0,0
fast-transport-belt,0,0,0,0,0,0,0,0,0,0,0,0,0,0,0,0,0,0,0,0,0,0,0,0,0,0,0,0,0,0,0,0,0,0,0,0,38,0,0,0,0,0,0
foundry,7,24,40,150,29,10,78,8,38,16,11,42,24,16,10,10,10,10,23,38,17,115,54,54,54,23,18,5,41,41,41,21,9,18,25,5,0,5,54,54,54,8,23
foundry_casting-copper,0,0,0,0,0,0,0,1,0,0,0,2,0,0,0,0,0,0,0,0,1,0,0,0,0,1,1,1,0,0,0,0,0,0,0,0,0,0,0,0,0,1,0
foundry_casting-copper-cable,1,6,6,30,9,2,24,0,2,2,4,0,5,5,4,4,4,4,10,2,0,23,5,5,5,0,0,0,24,24,24,6,5,5,15,1,0,1,5,5,5,0,10
foundry_casting-iron,2,2,6,30,6,2,6,1,2,2,4,2,1,1,1,1,1,1,5,2,1,23,1,1,1,1,1,1,12,12,12,10,1,1,1,1,0,1,1,1,1,1,5
foundry_casting-iron-gear-wheel,1,2,7,30,7,2,12,1,12,0,1,1,1,0,0,0,0,0,0,12,7,23,24,24,24,13,8,1,0,0,0,1,1,0,0,1,0,1,24,24,24,1,0
foundry_casting-pipe,2,12,14,30,1,2,12,1,11,0,1,36,6,0,0,0,0,0,0,11,7,23,12,12,12,7,7,1,0,0,0,1,1,0,0,1,0,1,12,12,12,1,0
foundry_casting-steel,1,2,7,30,6,2,24,1,11,0,1,1,11,0,0,0,0,0,0,11,1,23,12,12,12,1,1,1,0,0,0,1,1,0,0,1,0,1,12,12,12,1,0
foundry_circuit_enabled,0,0,0,0,0,0,0,0,0,0,0,0,0,0,0,0,0,0,0,0,0,0,4,4,4,0,0,0,0,0,0,0,0,0,0,0,0,3,4,4,4,0,0
foundry_molten-copper,0,0,0,0,0,0,0,1,0,0,0,0,0,0,0,0,0,0,0,0,0,0,0,0,0,0,0,0,0,0,0,1,0,0,0,0,0,0,0,0,0,1,0
foundry_molten-iron,0,0,0,0,0,0,0,2,0,0,0,0,0,0,0,0,0,0,0,0,0,0,0,0,0,0,0,0,0,0,0,1,0,0,0,0,0,0,0,0,0,2,0
foundry_set_recipe,0,0,0,0,0,0,0,0,0,12,0,0,0,10,5,5,5,5,8,0,0,0,0,0,0,0,0,0,5,5,5,0,0,12,9,0,0,0,0,0,0,0,8
infinity-chest,1,10,6,12,12,0,0,0,0,0,0,0,0,0,1,1,1,1,0,0,2,0,6,6,6,0,0,0,0,0,0,0,2,2,2,0,10,0,6,6,6,0,0
infinity-pipe,0,0,4,4,4,0,0,0,4,0,0,0,4,4,0,0,0,0,4,4,4,0,7,7,7,4,4,4,0,0,0,0,0,0,0,4,2,5,7,7,7,0,4
iron-chest,0,0,0,0,0,0,0,0,0,0,0,0,0,0,0,0,0,0,4,0,0,0,0,0,0,0,0,0,0,0,0,0,0,0,0,0,0,0,0,0,0,0,4
medium-electric-pole,22,58,56,98,39,34,0,0,86,2,15,32,44,30,34,34,34,34,137,98,0,0,73,73,73,35,34,26,0,0,0,0,48,112,99,26,135,26,73,73,73,0,137
oil-refinery,4,2,3,3,3,2,2,4,1,1,2,7,1,1,2,2,2,2,1,1,5,1,2,2,2,1,1,1,2,2,2,2,4,4,4,1,1,2,2,2,2,4,1
oil-refinery_advanced-oil-processing,0,0,0,0,0,0,0,0,0,0,0,0,0,0,0,0,0,0,0,0,0,1,0,0,0,0,0,0,0,0,0,0,0,0,0,0,0,0,0,0,0,0,0
oil-refinery_basic-oil-processing,4,2,3,3,3,2,2,4,1,1,2,7,1,1,2,2,2,2,1,1,5,0,2,2,2,1,1,1,2,2,2,2,4,4,4,1,1,2,2,2,2,4,1
oil-refinery_circuit_enabled,4,0,0,0,0,0,0,0,1,1,0,7,1,1,2,2,2,2,1,1,5,1,2,2,2,0,0,0,2,2,2,0,4,4,4,1,0,2,2,2,2,0,1
pipe,154,103,81,883,118,276,208,72,322,177,39,101,187,214,268,268,268,268,131,324,49,803,61,61,61,280,413,187,164,164,164,217,396,235,378,23,116,31,61,61,61,72,131
pipe-to-ground,77,220,177,1372,239,46,447,130,156,108,66,372,96,74,118,118,118,118,210,156,140,964,216,216,216,119,127,68,386,386,386,160,109,217,694,52,86,52,216,216,216,126,210
pump,0,0,0,0,0,0,0,0,0,0,0,0,0,0,0,0,0,0,0,0,0,8,0,0,0,0,0,0,0,0,0,0,0,0,9,0,0,0,0,0,0,0,0
selector-combinator,0,0,0,0,0,0,0,0,0,0,0,0,0,0,0,0,0,0,0,0,0,0,0,0,0,0,0,0,2,3,3,0,0,0,0,0,0,0,0,0,0,0,0
small-lamp,0,0,0,0,0,6,0,0,0,0,64,0,0,0,3,3,2,2,0,0,0,0,0,0,0,108,5,0,1,4,0,0,0,0,0,0,0,0,0,0,0,0,0
small-lamp_circuit_enabled,0,0,0,0,0,0,0,0,0,0,0,0,0,0,3,3,2,2,0,0,0,0,0,0,0,0,0,0,1,1,0,0,0,0,0,0,0,0,0,0,0,0,0
stack-inserter,147,288,193,552,209,282,314,398,157,154,147,1226,163,125,129,129,129,129,300,157,255,370,300,300,300,203,215,151,332,332,332,378,229,276,362,149,0,149,300,300,300,398,300
stack-inserter_chest_to_chest,0,0,0,60,0,16,0,0,0,0,0,0,0,0,0,0,0,0,0,0,0,0,0,0,0,0,0,0,0,0,0,0,0,0,0,0,0,0,0,0,0,0,0
stack-inserter_chest_to_chest_circuit_enabled,0,0,0,60,0,16,0,0,0,0,0,0,0,0,0,0,0,0,0,0,0,0,0,0,0,0,0,0,0,0,0,0,0,0,0,0,0,0,0,0,0,0,0
stack-inserter_circuit_enabled,0,34,88,510,192,282,0,349,124,128,116,1214,136,80,118,118,118,118,288,124,236,184,144,144,168,170,186,71,328,332,332,372,222,275,361,130,0,130,144,144,168,353,288
stack-inserter_circuit_set_filters,0,0,0,0,0,0,0,0,22,24,0,0,22,42,42,42,42,20,0,22,0,0,72,72,48,0,0,38,0,0,0,0,88,48,36,0,0,0,72,72,48,0,0
stack-inserter_direct_insertion,2,112,72,240,48,50,240,25,96,4,4,384,82,16,20,20,20,20,208,96,38,115,76,76,76,84,90,32,20,188,188,102,64,66,160,28,0,28,76,76,76,25,208
stack-inserter_direct_insertion_circuit_enabled,0,18,43,240,48,50,0,20,94,4,0,384,82,16,20,20,20,20,208,94,38,69,76,76,76,77,84,25,20,188,188,102,63,65,159,28,0,28,76,76,76,20,208
stack-inserter_from_assembling-machine-3_advanced-circuit,0,0,0,30,0,0,0,0,0,0,0,0,0,0,0,0,0,0,0,0,0,0,0,0,0,0,0,0,0,0,0,0,0,0,0,0,0,0,0,0,0,0,0
stack-inserter_from_assembling-machine-3_advanced-circuit_circuit_enabled,0,0,0,30,0,0,0,0,0,0,0,0,0,0,0,0,0,0,0,0,0,0,0,0,0,0,0,0,0,0,0,0,0,0,0,0,0,0,0,0,0,0,0
stack-inserter_from_assembling-machine-3_advanced-circuit_to_cargo-wagon,0,0,0,30,0,0,0,0,0,0,0,0,0,0,0,0,0,0,0,0,0,0,0,0,0,0,0,0,0,0,0,0,0,0,0,0,0,0,0,0,0,0,0
stack-inserter_from_assembling-machine-3_advanced-circuit_to_cargo-wagon_circuit_enabled,0,0,0,30,0,0,0,0,0,0,0,0,0,0,0,0,0,0,0,0,0,0,0,0,0,0,0,0,0,0,0,0,0,0,0,0,0,0,0,0,0,0,0
stack-inserter_from_assembling-machine-3_chemical-science-pack,24,44,22,30,22,48,24,52,22,24,21,144,22,22,22,22,22,22,32,22,32,23,48,48,48,26,28,26,0,48,48,52,44,46,52,22,0,22,48,48,48,52,32
stack-inserter_from_assembling-machine-3_chemical-science-pack_circuit_enabled,0,0,22,30,22,48,0,51,0,22,21,144,0,0,22,22,22,22,32,0,32,23,0,0,0,25,28,12,0,48,48,52,44,46,52,22,0,22,0,0,0,52,32
stack-inserter_from_assembling-machine-3_chemical-science-pack_circuit_set_filters,0,0,0,0,0,0,0,0,22,0,0,0,22,22,0,0,0,0,0,22,0,0,48,48,48,0,0,12,0,0,0,0,0,0,0,0,0,0,48,48,48,0,0
stack-inserter_from_assembling-machine-3_chemical-science-pack_to_cargo-wagon,0,0,0,30,0,0,0,0,0,0,0,0,0,0,0,0,0,0,0,0,0,0,0,0,0,0,0,0,0,0,0,0,0,0,0,0,0,0,0,0,0,0,0
stack-inserter_from_assembling-machine-3_chemical-science-pack_to_cargo-wagon_circuit_enabled,0,0,0,30,0,0,0,0,0,0,0,0,0,0,0,0,0,0,0,0,0,0,0,0,0,0,0,0,0,0,0,0,0,0,0,0,0,0,0,0,0,0,0
stack-inserter_from_assembling-machine-3_chemical-science-pack_to_turbo-transport-belt,24,44,22,0,22,48,0,52,0,24,0,144,20,22,22,22,22,22,0,0,32,23,48,48,48,26,28,26,0,0,0,52,44,46,50,22,0,22,48,48,48,52,0
stack-inserter_from_assembling-machine-3_chemical-science-pack_to_turbo-transport-belt_circuit_enabled,0,0,22,0,22,48,0,51,0,22,0,144,0,0,22,22,22,22,0,0,32,23,0,0,0,25,28,12,0,0,0,52,44,46,50,22,0,22,0,0,0,52,0
stack-inserter_from_assembling-machine-3_chemical-science-pack_to_turbo-transport-belt_circuit_set_filters,0,0,0,0,0,0,0,0,0,0,0,0,20,22,0,0,0,0,0,0,0,0,48,48,48,0,0,12,0,0,0,0,0,0,0,0,0,0,48,48,48,0,0
stack-inserter_from_assembling-machine-3_chemical-science-pack_to_turbo-underground-belt,0,0,0,0,0,0,24,0,22,0,21,0,2,0,0,0,0,0,32,22,0,0,0,0,0,0,0,0,0,48,48,0,0,0,2,0,0,0,0,0,0,0,32
stack-inserter_from_assembling-machine-3_chemical-science-pack_to_turbo-underground-belt_circuit_enabled,0,0,0,0,0,0,0,0,0,0,21,0,0,0,0,0,0,0,32,0,0,0,0,0,0,0,0,0,0,48,48,0,0,0,2,0,0,0,0,0,0,0,32
stack-inserter_from_assembling-machine-3_chemical-science-pack_to_turbo-underground-belt_circuit_set_filters,0,0,0,0,0,0,0,0,22,0,0,0,2,0,0,0,0,0,0,22,0,0,0,0,0,0,0,0,0,0,0,0,0,0,0,0,0,0,0,0,0,0,0
stack-inserter_from_assembling-machine-3_copper-cable,0,0,0,0,0,0,0,0,0,0,0,0,0,0,0,0,0,0,0,0,12,0,0,0,0,0,0,0,0,0,0,0,0,0,0,0,0,0,0,0,0,0,0
stack-inserter_from_assembling-machine-3_copper-cable_circuit_enabled,0,0,0,0,0,0,0,0,0,0,0,0,0,0,0,0,0,0,0,0,12,0,0,0,0,0,0,0,0,0,0,0,0,0,0,0,0,0,0,0,0,0,0
stack-inserter_from_assembling-machine-3_copper-cable_to_turbo-transport-belt,0,0,0,0,0,0,0,0,0,0,0,0,0,0,0,0,0,0,0,0,12,0,0,0,0,0,0,0,0,0,0,0,0,0,0,0,0,0,0,0,0,0,0
stack-inserter_from_assembling-machine-3_copper-cable_to_turbo-transport-belt_circuit_enabled,0,0,0,0,0,0,0,0,0,0,0,0,0,0,0,0,0,0,0,0,12,0,0,0,0,0,0,0,0,0,0,0,0,0,0,0,0,0,0,0,0,0,0
stack-inserter_from_assembling-machine-3_electronic-circuit,0,0,0,30,6,0,0,0,0,0,0,0,0,0,0,0,0,0,0,0,0,0,0,0,0,0,0,0,0,0,0,0,0,0,0,0,0,0,0,0,0,0,0
stack-inserter_from_assembling-machine-3_electronic-circuit_circuit_enabled,0,0,0,30,6,0,0,0,0,0,0,0,0,0,0,0,0,0,0,0,0,0,0,0,0,0,0,0,0,0,0,0,0,0,0,0,0,0,0,0,0,0,0
stack-inserter_from_assembling-machine-3_electronic-circuit_to_assembling-machine-3_advanced-circuit,0,0,0,30,0,0,0,0,0,0,0,0,0,0,0,0,0,0,0,0,0,0,0,0,0,0,0,0,0,0,0,0,0,0,0,0,0,0,0,0,0,0,0
stack-inserter_from_assembling-machine-3_electronic-circuit_to_assembling-machine-3_advanced-circuit_circuit_enabled,0,0,0,30,0,0,0,0,0,0,0,0,0,0,0,0,0,0,0,0,0,0,0,0,0,0,0,0,0,0,0,0,0,0,0,0,0,0,0,0,0,0,0
stack-inserter_from_assembling-machine-3_electronic-circuit_to_turbo-underground-belt,0,0,0,0,6,0,0,0,0,0,0,0,0,0,0,0,0,0,0,0,0,0,0,0,0,0,0,0,0,0,0,0,0,0,0,0,0,0,0,0,0,0,0
stack-inserter_from_assembling-machine-3_electronic-circuit_to_turbo-underground-belt_circuit_enabled,0,0,0,0,6,0,0,0,0,0,0,0,0,0,0,0,0,0,0,0,0,0,0,0,0,0,0,0,0,0,0,0,0,0,0,0,0,0,0,0,0,0,0
stack-inserter_from_assembling-machine-3_engine-unit,10,44,14,30,12,48,24,24,22,24,11,144,22,10,10,10,10,10,32,22,14,23,48,48,48,26,28,26,20,20,20,52,44,46,18,22,0,22,48,48,48,24,32
stack-inserter_from_assembling-machine-3_engine-unit_circuit_enabled,0,2,14,30,12,48,0,22,22,24,11,144,22,0,10,10,10,10,32,22,14,0,48,48,48,25,28,25,20,20,20,52,44,46,18,22,0,22,48,48,48,22,32
stack-inserter_from_assembling-machine-3_engine-unit_circuit_set_filters,0,0,0,0,0,0,0,0,0,0,0,0,0,10,10,10,10,10,0,0,0,0,0,0,0,0,0,0,0,0,0,0,0,0,0,0,0,0,0,0,0,0,0
stack-inserter_from_assembling-machine-3_engine-unit_to_assembling-machine-3_chemical-science-pack,0,44,0,30,0,48,24,0,22,0,0,144,22,0,0,0,0,0,32,22,0,0,48,48,48,26,28,26,0,0,0,52,44,46,0,22,0,22,48,48,48,0,32
stack-inserter_from_assembling-machine-3_engine-unit_to_assembling-machine-3_chemical-science-pack_circuit_enabled,0,2,0,30,0,48,0,0,22,0,0,144,22,0,0,0,0,0,32,22,0,0,48,48,48,25,28,25,0,0,0,52,44,46,0,22,0,22,48,48,48,0,32
stack-inserter_from_assembling-machine-3_engine-unit_to_cargo-wagon,0,0,0,0,0,0,0,0,0,0,0,0,0,0,0,0,0,0,0,0,0,23,0,0,0,0,0,0,0,0,0,0,0,0,0,0,0,0,0,0,0,0,0
stack-inserter_from_assembling-machine-3_engine-unit_to_steel-chest,0,0,0,0,0,0,0,0,0,24,0,0,0,0,0,0,0,0,0,0,0,0,0,0,0,0,0,0,0,0,0,0,0,0,0,0,0,0,0,0,0,0,0
stack-inserter_from_assembling-machine-3_engine-unit_to_steel-chest_circuit_enabled,0,0,0,0,0,0,0,0,0,24,0,0,0,0,0,0,0,0,0,0,0,0,0,0,0,0,0,0,0,0,0,0,0,0,0,0,0,0,0,0,0,0,0
stack-inserter_from_assembling-machine-3_engine-unit_to_turbo-transport-belt,10,0,0,0,0,0,0,24,0,0,0,0,0,10,10,10,10,10,0,0,0,0,0,0,0,0,0,0,20,20,20,0,0,0,18,0,0,0,0,0,0,24,0
stack-inserter_from_assembling-machine-3_engine-unit_to_turbo-transport-belt_circuit_enabled,0,0,0,0,0,0,0,22,0,0,0,0,0,0,10,10,10,10,0,0,0,0,0,0,0,0,0,0,20,20,20,0,0,0,18,0,0,0,0,0,0,22,0
stack-inserter_from_assembling-machine-3_engine-unit_to_turbo-transport-belt_circuit_set_filters,0,0,0,0,0,0,0,0,0,0,0,0,0,10,10,10,10,10,0,0,0,0,0,0,0,0,0,0,0,0,0,0,0,0,0,0,0,0,0,0,0,0,0
stack-inserter_from_assembling-machine-3_engine-unit_to_turbo-underground-belt,0,0,14,0,12,0,0,0,0,0,11,0,0,0,0,0,0,0,0,0,14,0,0,0,0,0,0,0,0,0,0,0,0,0,0,0,0,0,0,0,0,0,0
stack-inserter_from_assembling-machine-3_engine-unit_to_turbo-underground-belt_circuit_enabled,0,0,14,0,12,0,0,0,0,0,11,0,0,0,0,0,0,0,0,0,14,0,0,0,0,0,0,0,0,0,0,0,0,0,0,0,0,0,0,0,0,0,0
stack-inserter_from_belt,85,104,76,36,104,106,48,255,22,26,66,641,50,50,50,50,50,50,52,22,132,25,60,60,60,57,61,59,72,72,72,194,100,104,92,75,0,75,60,60,60,255,52
stack-inserter_from_belt_circuit_enabled,0,8,3,0,96,106,0,246,22,26,64,641,50,50,50,50,50,50,48,22,126,0,60,60,60,50,56,28,72,72,72,192,100,104,92,75,0,75,60,60,60,249,48
stack-inserter_from_belt_circuit_set_filters,0,0,0,0,0,0,0,0,0,0,0,0,0,0,22,22,22,0,0,0,0,0,0,0,0,0,0,26,0,0,0,0,88,2,0,0,0,0,0,0,0,0,0
stack-inserter_from_building,62,176,115,360,99,140,266,143,131,80,61,585,113,65,69,69,69,69,244,131,123,276,212,212,212,138,146,84,140,260,260,184,129,149,252,74,0,74,212,212,212,143,244
stack-inserter_from_building_circuit_enabled,0,26,85,360,96,140,0,103,102,66,36,573,86,20,58,58,58,58,240,102,110,115,84,84,84,120,130,43,136,260,260,180,122,148,251,55,0,55,84,84,84,104,240
stack-inserter_from_building_circuit_set_filters,0,0,0,0,0,0,0,0,22,12,0,0,22,42,20,20,20,20,0,22,0,0,48,48,48,0,0,12,0,0,0,0,0,23,18,0,0,0,48,48,48,0,0
stack-inserter_from_cargo-wagon,0,0,0,150,0,36,0,0,4,12,20,0,0,0,0,0,0,0,0,4,0,69,24,24,24,8,8,8,0,0,0,0,0,0,0,0,0,0,24,24,24,0,0
stack-inserter_from_cargo-wagon_circuit_enabled,0,0,0,150,0,36,0,0,0,12,16,0,0,0,0,0,0,0,0,0,0,69,0,0,24,0,0,0,0,0,0,0,0,0,0,0,0,0,0,0,24,0,0
stack-inserter_from_cargo-wagon_circuit_set_filters,0,0,0,0,0,0,0,0,0,0,0,0,0,0,0,0,0,0,0,0,0,0,24,24,0,0,0,0,0,0,0,0,0,0,0,0,0,0,24,24,0,0,0
stack-inserter_from_cargo-wagon_to_assembling-machine-3_chemical-science-pack,0,0,0,30,0,0,0,0,0,0,0,0,0,0,0,0,0,0,0,0,0,46,0,0,0,0,0,0,0,0,0,0,0,0,0,0,0,0,0,0,0,0,0
stack-inserter_from_cargo-wagon_to_assembling-machine-3_chemical-science-pack_circuit_enabled,0,0,0,30,0,0,0,0,0,0,0,0,0,0,0,0,0,0,0,0,0,46,0,0,0,0,0,0,0,0,0,0,0,0,0,0,0,0,0,0,0,0,0
stack-inserter_from_cargo-wagon_to_assembling-machine-3_engine-unit,0,0,0,30,0,0,0,0,0,0,0,0,0,0,0,0,0,0,0,0,0,23,24,24,24,0,0,0,0,0,0,0,0,0,0,0,0,0,24,24,24,0,0
stack-inserter_from_cargo-wagon_to_assembling-machine-3_engine-unit_circuit_enabled,0,0,0,30,0,0,0,0,0,0,0,0,0,0,0,0,0,0,0,0,0,23,0,0,24,0,0,0,0,0,0,0,0,0,0,0,0,0,0,0,24,0,0
stack-inserter_from_cargo-wagon_to_assembling-machine-3_engine-unit_circuit_set_filters,0,0,0,0,0,0,0,0,0,0,0,0,0,0,0,0,0,0,0,0,0,0,24,24,0,0,0,0,0,0,0,0,0,0,0,0,0,0,24,24,0,0,0
stack-inserter_from_cargo-wagon_to_cargo-wagon,0,0,0,60,0,16,0,0,0,0,0,0,0,0,0,0,0,0,0,0,0,0,0,0,0,0,0,0,0,0,0,0,0,0,0,0,0,0,0,0,0,0,0
stack-inserter_from_cargo-wagon_to_cargo-wagon_circuit_enabled,0,0,0,60,0,16,0,0,0,0,0,0,0,0,0,0,0,0,0,0,0,0,0,0,0,0,0,0,0,0,0,0,0,0,0,0,0,0,0,0,0,0,0
stack-inserter_from_cargo-wagon_to_electromagnetic-plant_advanced-circuit,0,0,0,0,0,16,0,0,4,12,16,0,0,0,0,0,0,0,0,4,0,0,0,0,0,8,8,8,0,0,0,0,0,0,0,0,0,0,0,0,0,0,0
stack-inserter_from_cargo-wagon_to_electromagnetic-plant_advanced-circuit_circuit_enabled,0,0,0,0,0,16,0,0,0,12,16,0,0,0,0,0,0,0,0,0,0,0,0,0,0,0,0,0,0,0,0,0,0,0,0,0,0,0,0,0,0,0,0
stack-inserter_from_cargo-wagon_to_electromagnetic-plant_electronic-circuit,0,0,0,0,0,4,0,0,0,0,4,0,0,0,0,0,0,0,0,0,0,0,0,0,0,0,0,0,0,0,0,0,0,0,0,0,0,0,0,0,0,0,0
stack-inserter_from_cargo-wagon_to_electromagnetic-plant_electronic-circuit_circuit_enabled,0,0,0,0,0,4,0,0,0,0,0,0,0,0,0,0,0,0,0,0,0,0,0,0,0,0,0,0,0,0,0,0,0,0,0,0,0,0,0,0,0,0,0
stack-inserter_from_cargo-wagon_to_turbo-transport-belt,0,0,0,30,0,0,0,0,0,0,0,0,0,0,0,0,0,0,0,0,0,0,0,0,0,0,0,0,0,0,0,0,0,0,0,0,0,0,0,0,0,0,0
stack-inserter_from_cargo-wagon_to_turbo-transport-belt_circuit_enabled,0,0,0,30,0,0,0,0,0,0,0,0,0,0,0,0,0,0,0,0,0,0,0,0,0,0,0,0,0,0,0,0,0,0,0,0,0,0,0,0,0,0,0
stack-inserter_from_chemical-plant_plastic-bar,0,0,0,0,0,4,0,0,0,0,0,0,0,0,0,0,0,0,16,0,0,0,0,0,0,0,0,0,24,24,24,0,0,0,0,0,0,0,0,0,0,0,16
stack-inserter_from_chemical-plant_plastic-bar_circuit_enabled,0,0,0,0,0,4,0,0,0,0,0,0,0,0,0,0,0,0,16,0,0,0,0,0,0,0,0,0,24,24,24,0,0,0,0,0,0,0,0,0,0,0,16
stack-inserter_from_chemical-plant_plastic-bar_to_cargo-wagon,0,0,0,0,0,4,0,0,0,0,0,0,0,0,0,0,0,0,0,0,0,0,0,0,0,0,0,0,0,0,0,0,0,0,0,0,0,0,0,0,0,0,0
stack-inserter_from_chemical-plant_plastic-bar_to_cargo-wagon_circuit_enabled,0,0,0,0,0,4,0,0,0,0,0,0,0,0,0,0,0,0,0,0,0,0,0,0,0,0,0,0,0,0,0,0,0,0,0,0,0,0,0,0,0,0,0
stack-inserter_from_chemical-plant_plastic-bar_to_electromagnetic-plant_advanced-circuit,0,0,0,0,0,0,0,0,0,0,0,0,0,0,0,0,0,0,16,0,0,0,0,0,0,0,0,0,0,24,24,0,0,0,0,0,0,0,0,0,0,0,16
stack-inserter_from_chemical-plant_plastic-bar_to_electromagnetic-plant_advanced-circuit_circuit_enabled,0,0,0,0,0,0,0,0,0,0,0,0,0,0,0,0,0,0,16,0,0,0,0,0,0,0,0,0,0,24,24,0,0,0,0,0,0,0,0,0,0,0,16
stack-inserter_from_chest,0,0,0,150,0,36,0,0,4,48,20,0,0,10,10,10,10,10,4,4,0,69,24,24,24,8,8,8,0,0,0,0,0,23,18,0,0,0,24,24,24,0,4
stack-inserter_from_chest_circuit_enabled,0,0,0,150,0,36,0,0,0,36,16,0,0,10,10,10,10,10,0,0,0,69,0,0,24,0,0,0,0,0,0,0,0,23,18,0,0,0,0,0,24,0,0
stack-inserter_from_chest_circuit_set_filters,0,0,0,0,0,0,0,0,0,12,0,0,0,0,0,0,0,0,0,0,0,0,24,24,0,0,0,0,0,0,0,0,0,23,18,0,0,0,24,24,0,0,0
stack-inserter_from_cryogenic-plant_plastic-bar,2,8,6,30,6,0,24,8,4,2,4,7,4,4,4,4,4,4,0,4,6,23,8,8,8,4,4,4,0,0,0,10,8,8,26,2,0,2,8,8,8,8,0
stack-inserter_from_cryogenic-plant_plastic-bar_circuit_enabled,0,8,0,30,6,0,0,0,4,2,0,1,4,4,4,4,4,4,0,4,6,23,8,8,8,0,0,0,0,0,0,10,8,8,26,0,0,0,8,8,8,0,0
stack-inserter_from_cryogenic-plant_plastic-bar_to_assembling-machine-3_advanced-circuit,0,0,0,30,0,0,0,0,0,0,0,0,0,0,0,0,0,0,0,0,0,0,0,0,0,0,0,0,0,0,0,0,0,0,0,0,0,0,0,0,0,0,0
stack-inserter_from_cryogenic-plant_plastic-bar_to_assembling-machine-3_advanced-circuit_circuit_enabled,0,0,0,30,0,0,0,0,0,0,0,0,0,0,0,0,0,0,0,0,0,0,0,0,0,0,0,0,0,0,0,0,0,0,0,0,0,0,0,0,0,0,0
stack-inserter_from_cryogenic-plant_plastic-bar_to_cargo-wagon,0,0,0,0,0,0,0,0,0,2,4,0,0,0,0,0,0,0,0,0,0,0,0,0,0,0,0,0,0,0,0,0,0,0,0,0,0,0,0,0,0,0,0
stack-inserter_from_cryogenic-plant_plastic-bar_to_cargo-wagon_circuit_enabled,0,0,0,0,0,0,0,0,0,2,0,0,0,0,0,0,0,0,0,0,0,0,0,0,0,0,0,0,0,0,0,0,0,0,0,0,0,0,0,0,0,0,0
stack-inserter_from_cryogenic-plant_plastic-bar_to_electromagnetic-plant_advanced-circuit,0,8,6,0,6,0,24,0,4,0,0,0,4,4,4,4,4,4,0,4,0,23,8,8,8,0,0,0,0,0,0,10,8,8,26,0,0,0,8,8,8,0,0
stack-inserter_from_cryogenic-plant_plastic-bar_to_electromagnetic-plant_advanced-circuit_circuit_enabled,0,8,0,0,6,0,0,0,4,0,0,0,4,4,4,4,4,4,0,4,0,23,8,8,8,0,0,0,0,0,0,10,8,8,26,0,0,0,8,8,8,0,0
stack-inserter_from_cryogenic-plant_plastic-bar_to_turbo-transport-belt,2,0,0,0,0,0,0,8,0,0,0,7,0,0,0,0,0,0,0,0,6,0,0,0,0,4,4,4,0,0,0,0,0,0,0,2,0,2,0,0,0,8,0
stack-inserter_from_cryogenic-plant_plastic-bar_to_turbo-transport-belt_circuit_enabled,0,0,0,0,0,0,0,0,0,0,0,1,0,0,0,0,0,0,0,0,6,0,0,0,0,0,0,0,0,0,0,0,0,0,0,0,0,0,0,0,0,0,0
stack-inserter_from_cryogenic-plant_sulfur,2,4,1,30,1,4,2,4,1,2,2,4,1,1,1,1,1,1,4,1,6,23,4,4,4,4,4,2,4,4,4,6,2,2,52,2,0,2,4,4,4,4,4
stack-inserter_from_cryogenic-plant_sulfur_circuit_enabled,0,0,0,30,1,4,0,0,0,2,0,4,0,0,0,0,0,0,0,0,0,0,0,0,0,4,4,0,0,4,4,6,0,2,52,0,0,0,0,0,0,0,0
stack-inserter_from_cryogenic-plant_sulfur_to_assembling-machine-3_chemical-science-pack,0,0,0,30,0,0,0,0,0,0,0,0,0,0,0,0,0,0,0,0,0,0,0,0,0,0,0,0,0,0,0,0,0,0,52,0,0,0,0,0,0,0,0
stack-inserter_from_cryogenic-plant_sulfur_to_assembling-machine-3_chemical-science-pack_circuit_enabled,0,0,0,30,0,0,0,0,0,0,0,0,0,0,0,0,0,0,0,0,0,0,0,0,0,0,0,0,0,0,0,0,0,0,52,0,0,0,0,0,0,0,0
stack-inserter_from_cryogenic-plant_sulfur_to_cargo-wagon,0,0,0,0,0,0,0,0,0,0,0,0,0,0,0,0,0,0,0,0,0,23,0,0,0,0,0,0,0,0,0,0,0,0,0,0,0,0,0,0,0,0,0
stack-inserter_from_cryogenic-plant_sulfur_to_turbo-transport-belt,2,2,1,0,1,4,0,4,1,2,2,4,0,0,1,1,1,1,4,1,6,0,4,4,4,4,4,2,4,4,4,5,2,2,0,2,0,2,4,4,4,4,4
stack-inserter_from_cryogenic-plant_sulfur_to_turbo-transport-belt_circuit_enabled,0,0,0,0,1,4,0,0,0,2,0,4,0,0,0,0,0,0,0,0,0,0,0,0,0,4,4,0,0,4,4,5,0,2,0,0,0,0,0,0,0,0,0
stack-inserter_from_cryogenic-plant_sulfur_to_turbo-underground-belt,0,2,0,0,0,0,2,0,0,0,0,0,1,1,0,0,0,0,0,0,0,0,0,0,0,0,0,0,0,0,0,1,0,0,0,0,0,0,0,0,0,0,0
stack-inserter_from_cryogenic-plant_sulfur_to_turbo-underground-belt_circuit_enabled,0,0,0,0,0,0,0,0,0,0,0,0,0,0,0,0,0,0,0,0,0,0,0,0,0,0,0,0,0,0,0,1,0,0,0,0,0,0,0,0,0,0,0
stack-inserter_from_electromagnetic-plant_advanced-circuit,6,8,6,0,6,8,24,10,4,6,4,32,4,4,4,4,4,4,32,4,8,23,8,8,8,6,6,6,0,48,48,10,8,8,52,4,0,4,8,8,8,10,32
stack-inserter_from_electromagnetic-plant_advanced-circuit_circuit_enabled,0,8,6,0,6,8,0,10,4,6,4,32,4,4,4,4,4,4,32,4,8,23,8,8,8,6,6,6,0,48,48,10,8,8,52,4,0,4,8,8,8,10,32
stack-inserter_from_electromagnetic-plant_advanced-circuit_to_assembling-machine-3_chemical-science-pack,0,0,0,0,0,0,24,0,0,0,0,0,0,0,0,0,0,0,32,0,0,0,0,0,0,0,0,0,0,48,48,0,0,0,52,0,0,0,0,0,0,0,32
stack-inserter_from_electromagnetic-plant_advanced-circuit_to_assembling-machine-3_chemical-science-pack_circuit_enabled,0,0,0,0,0,0,0,0,0,0,0,0,0,0,0,0,0,0,32,0,0,0,0,0,0,0,0,0,0,48,48,0,0,0,52,0,0,0,0,0,0,0,32
stack-inserter_from_electromagnetic-plant_advanced-circuit_to_cargo-wagon,0,0,0,0,0,0,0,0,0,0,0,0,0,0,0,0,0,0,0,0,0,23,0,0,0,0,0,0,0,0,0,0,0,0,0,0,0,0,0,0,0,0,0
stack-inserter_from_electromagnetic-plant_advanced-circuit_to_cargo-wagon_circuit_enabled,0,0,0,0,0,0,0,0,0,0,0,0,0,0,0,0,0,0,0,0,0,23,0,0,0,0,0,0,0,0,0,0,0,0,0,0,0,0,0,0,0,0,0
stack-inserter_from_electromagnetic-plant_advanced-circuit_to_turbo-transport-belt,6,8,6,0,0,4,0,10,4,6,4,32,2,2,4,4,4,4,0,4,8,0,8,8,8,6,6,6,0,0,0,10,8,8,0,4,0,4,8,8,8,10,0
stack-inserter_from_electromagnetic-plant_advanced-circuit_to_turbo-transport-belt_circuit_enabled,0,8,6,0,0,4,0,10,4,6,4,32,2,2,4,4,4,4,0,4,8,0,8,8,8,6,6,6,0,0,0,10,8,8,0,4,0,4,8,8,8,10,0
stack-inserter_from_electromagnetic-plant_advanced-circuit_to_turbo-underground-belt,0,0,0,0,6,4,0,0,0,0,0,0,2,2,0,0,0,0,0,0,0,0,0,0,0,0,0,0,0,0,0,0,0,0,0,0,0,0,0,0,0,0,0
stack-inserter_from_electromagnetic-plant_advanced-circuit_to_turbo-underground-belt_circuit_enabled,0,0,0,0,6,4,0,0,0,0,0,0,2,2,0,0,0,0,0,0,0,0,0,0,0,0,0,0,0,0,0,0,0,0,0,0,0,0,0,0,0,0,0
stack-inserter_from_electromagnetic-plant_copper-cable,0,0,0,0,0,0,0,15,0,0,0,64,0,0,0,0,0,0,0,0,0,0,0,0,0,6,6,6,0,0,0,0,0,0,0,0,0,0,0,0,0,15,0
stack-inserter_from_electromagnetic-plant_copper-cable_circuit_enabled,0,0,0,0,0,0,0,10,0,0,0,64,0,0,0,0,0,0,0,0,0,0,0,0,0,0,0,0,0,0,0,0,0,0,0,0,0,0,0,0,0,10,0
stack-inserter_from_electromagnetic-plant_copper-cable_to_cargo-wagon,0,0,0,0,0,0,0,0,0,0,0,0,0,0,0,0,0,0,0,0,0,0,0,0,0,4,4,4,0,0,0,0,0,0,0,0,0,0,0,0,0,0,0
stack-inserter_from_electromagnetic-plant_copper-cable_to_electromagnetic-plant_advanced-circuit,0,0,0,0,0,0,0,10,0,0,0,32,0,0,0,0,0,0,0,0,0,0,0,0,0,0,0,0,0,0,0,0,0,0,0,0,0,0,0,0,0,10,0
stack-inserter_from_electromagnetic-plant_copper-cable_to_electromagnetic-plant_advanced-circuit_circuit_enabled,0,0,0,0,0,0,0,10,0,0,0,32,0,0,0,0,0,0,0,0,0,0,0,0,0,0,0,0,0,0,0,0,0,0,0,0,0,0,0,0,0,10,0
stack-inserter_from_electromagnetic-plant_copper-cable_to_electromagnetic-plant_electronic-circuit,0,0,0,0,0,0,0,5,0,0,0,32,0,0,0,0,0,0,0,0,0,0,0,0,0,2,2,2,0,0,0,0,0,0,0,0,0,0,0,0,0,5,0
stack-inserter_from_electromagnetic-plant_copper-cable_to_electromagnetic-plant_electronic-circuit_circuit_enabled,0,0,0,0,0,0,0,0,0,0,0,32,0,0,0,0,0,0,0,0,0,0,0,0,0,0,0,0,0,0,0,0,0,0,0,0,0,0,0,0,0,0,0
stack-inserter_from_electromagnetic-plant_electronic-circuit,2,4,6,0,0,4,24,10,4,2,4,32,2,2,2,2,2,2,16,4,8,23,4,4,4,2,2,2,0,24,24,10,4,4,4,2,0,2,4,4,4,10,16
stack-inserter_from_electromagnetic-plant_electronic-circuit_circuit_enabled,0,0,0,0,0,4,0,10,4,2,0,32,0,0,2,2,2,2,16,4,8,23,0,0,0,0,0,0,0,24,24,10,4,4,4,1,0,1,0,0,0,10,16
stack-inserter_from_electromagnetic-plant_electronic-circuit_to_cargo-wagon,0,0,0,0,0,4,0,0,4,2,4,0,0,0,0,0,0,0,0,4,0,0,0,0,0,2,2,2,0,0,0,0,0,0,0,0,0,0,0,0,0,0,0
stack-inserter_from_electromagnetic-plant_electronic-circuit_to_cargo-wagon_circuit_enabled,0,0,0,0,0,4,0,0,4,2,0,0,0,0,0,0,0,0,0,4,0,0,0,0,0,0,0,0,0,0,0,0,0,0,0,0,0,0,0,0,0,0,0
stack-inserter_from_electromagnetic-plant_electronic-circuit_to_electromagnetic-plant_advanced-circuit,0,0,6,0,0,0,24,10,0,0,0,32,0,0,0,0,0,0,16,0,8,23,0,0,0,0,0,0,0,24,24,10,0,0,0,0,0,0,0,0,0,10,16
stack-inserter_from_electromagnetic-plant_electronic-circuit_to_electromagnetic-plant_advanced-circuit_circuit_enabled,0,0,0,0,0,0,0,10,0,0,0,32,0,0,0,0,0,0,16,0,8,23,0,0,0,0,0,0,0,24,24,10,0,0,0,0,0,0,0,0,0,10,16
stack-inserter_from_electromagnetic-plant_electronic-circuit_to_turbo-transport-belt,2,0,0,0,0,0,0,0,0,0,0,0,2,2,2,2,2,2,0,0,0,0,4,4,4,0,0,0,0,0,0,0,4,4,3,2,0,2,4,4,4,0,0
stack-inserter_from_electromagnetic-plant_electronic-circuit_to_turbo-transport-belt_circuit_enabled,0,0,0,0,0,0,0,0,0,0,0,0,0,0,2,2,2,2,0,0,0,0,0,0,0,0,0,0,0,0,0,0,4,4,3,1,0,1,0,0,0,0,0
stack-inserter_from_electromagnetic-plant_electronic-circuit_to_turbo-underground-belt,0,4,0,0,0,0,0,0,0,0,0,0,0,0,0,0,0,0,0,0,0,0,0,0,0,0,0,0,0,0,0,0,0,0,1,0,0,0,0,0,0,0,0
stack-inserter_from_electromagnetic-plant_electronic-circuit_to_turbo-underground-belt_circuit_enabled,0,0,0,0,0,0,0,0,0,0,0,0,0,0,0,0,0,0,0,0,0,0,0,0,0,0,0,0,0,0,0,0,0,0,1,0,0,0,0,0,0,0,0
stack-inserter_from_express-underground-belt,0,0,0,0,0,28,0,0,0,0,11,0,0,0,0,0,0,0,0,0,0,0,0,0,0,0,0,14,0,0,0,24,0,0,0,0,0,0,0,0,0,0,0
stack-inserter_from_express-underground-belt_circuit_enabled,0,0,0,0,0,28,0,0,0,0,11,0,0,0,0,0,0,0,0,0,0,0,0,0,0,0,0,14,0,0,0,24,0,0,0,0,0,0,0,0,0,0,0
stack-inserter_from_express-underground-belt_to_assembling-machine-3_engine-unit,0,0,0,0,0,28,0,0,0,0,11,0,0,0,0,0,0,0,0,0,0,0,0,0,0,0,0,14,0,0,0,24,0,0,0,0,0,0,0,0,0,0,0
stack-inserter_from_express-underground-belt_to_assembling-machine-3_engine-unit_circuit_enabled,0,0,0,0,0,28,0,0,0,0,11,0,0,0,0,0,0,0,0,0,0,0,0,0,0,0,0,14,0,0,0,24,0,0,0,0,0,0,0,0,0,0,0
stack-inserter_from_foundry_casting-copper,0,0,0,0,0,0,0,4,0,0,0,4,0,0,0,0,0,0,0,0,2,0,0,0,0,2,2,2,0,0,0,0,0,0,0,0,0,0,0,0,0,4,0
stack-inserter_from_foundry_casting-copper-cable,8,14,12,60,12,10,48,0,6,6,4,0,11,11,14,14,14,14,48,6,0,46,19,19,19,0,0,0,48,48,48,20,11,11,29,10,0,10,19,19,19,0,48
stack-inserter_from_foundry_casting-copper-cable_circuit_enabled,0,8,0,60,12,10,0,0,0,6,0,0,11,11,14,14,14,14,48,0,0,23,19,19,19,0,0,0,48,48,48,20,11,11,29,4,0,4,19,19,19,0,48
stack-inserter_from_foundry_casting-copper-cable_to_assembling-machine-3_advanced-circuit,0,0,0,30,0,0,0,0,0,0,0,0,0,0,0,0,0,0,0,0,0,0,0,0,0,0,0,0,0,0,0,0,0,0,0,0,0,0,0,0,0,0,0
stack-inserter_from_foundry_casting-copper-cable_to_assembling-machine-3_advanced-circuit_circuit_enabled,0,0,0,30,0,0,0,0,0,0,0,0,0,0,0,0,0,0,0,0,0,0,0,0,0,0,0,0,0,0,0,0,0,0,0,0,0,0,0,0,0,0,0
stack-inserter_from_foundry_casting-copper-cable_to_assembling-machine-3_electronic-circuit,0,0,0,30,6,0,0,0,0,0,0,0,0,0,0,0,0,0,0,0,0,0,0,0,0,0,0,0,0,0,0,0,0,0,0,0,0,0,0,0,0,0,0
stack-inserter_from_foundry_casting-copper-cable_to_assembling-machine-3_electronic-circuit_circuit_enabled,0,0,0,30,6,0,0,0,0,0,0,0,0,0,0,0,0,0,0,0,0,0,0,0,0,0,0,0,0,0,0,0,0,0,0,0,0,0,0,0,0,0,0
stack-inserter_from_foundry_casting-copper-cable_to_cargo-wagon,0,0,0,0,0,10,0,0,4,4,4,0,0,0,0,0,0,0,0,4,0,0,0,0,0,0,0,0,0,0,0,0,0,0,0,0,0,0,0,0,0,0,0
stack-inserter_from_foundry_casting-copper-cable_to_cargo-wagon_circuit_enabled,0,0,0,0,0,10,0,0,0,4,0,0,0,0,0,0,0,0,0,0,0,0,0,0,0,0,0,0,0,0,0,0,0,0,0,0,0,0,0,0,0,0,0
stack-inserter_from_foundry_casting-copper-cable_to_electromagnetic-plant_advanced-circuit,0,8,6,0,6,0,24,0,0,0,0,0,8,8,8,8,8,8,32,0,0,23,16,16,16,0,0,0,0,24,24,10,8,8,26,0,0,0,16,16,16,0,32
stack-inserter_from_foundry_casting-copper-cable_to_electromagnetic-plant_advanced-circuit_circuit_enabled,0,8,0,0,6,0,0,0,0,0,0,0,8,8,8,8,8,8,32,0,0,23,16,16,16,0,0,0,0,24,24,10,8,8,26,0,0,0,16,16,16,0,32
stack-inserter_from_foundry_casting-copper-cable_to_electromagnetic-plant_electronic-circuit,0,6,6,0,0,0,24,0,2,2,0,0,3,3,6,6,6,6,16,2,0,23,3,3,3,0,0,0,0,24,24,10,3,3,3,4,0,4,3,3,3,0,16
stack-inserter_from_foundry_casting-copper-cable_to_electromagnetic-plant_electronic-circuit_circuit_enabled,0,0,0,0,0,0,0,0,0,2,0,0,3,3,6,6,6,6,16,0,0,0,3,3,3,0,0,0,0,24,24,10,3,3,3,4,0,4,3,3,3,0,16
stack-inserter_from_foundry_casting-copper-cable_to_turbo-transport-belt,8,0,0,0,0,0,0,0,0,0,0,0,0,0,0,0,0,0,0,0,0,0,0,0,0,0,0,0,0,0,0,0,0,0,0,6,0,6,0,0,0,0,0
stack-inserter_from_foundry_casting-copper_circuit_enabled,0,0,0,0,0,0,0,0,0,0,0,4,0,0,0,0,0,0,0,0,2,0,0,0,0,0,0,0,0,0,0,0,0,0,0,0,0,0,0,0,0,0,0
stack-inserter_from_foundry_casting-copper_to_assembling-machine-3_copper-cable,0,0,0,0,0,0,0,0,0,0,0,0,0,0,0,0,0,0,0,0,2,0,0,0,0,0,0,0,0,0,0,0,0,0,0,0,0,0,0,0,0,0,0
stack-inserter_from_foundry_casting-copper_to_assembling-machine-3_copper-cable_circuit_enabled,0,0,0,0,0,0,0,0,0,0,0,0,0,0,0,0,0,0,0,0,2,0,0,0,0,0,0,0,0,0,0,0,0,0,0,0,0,0,0,0,0,0,0
stack-inserter_from_foundry_casting-copper_to_electromagnetic-plant_copper-cable,0,0,0,0,0,0,0,0,0,0,0,0,0,0,0,0,0,0,0,0,0,0,0,0,0,2,2,2,0,0,0,0,0,0,0,0,0,0,0,0,0,0,0
stack-inserter_from_foundry_casting-copper_to_turbo-transport-belt,0,0,0,0,0,0,0,4,0,0,0,4,0,0,0,0,0,0,0,0,0,0,0,0,0,0,0,0,0,0,0,0,0,0,0,0,0,0,0,0,0,4,0
stack-inserter_from_foundry_casting-copper_to_turbo-transport-belt_circuit_enabled,0,0,0,0,0,0,0,0,0,0,0,4,0,0,0,0,0,0,0,0,0,0,0,0,0,0,0,0,0,0,0,0,0,0,0,0,0,0,0,0,0,0,0
stack-inserter_from_foundry_casting-iron,2,2,6,30,6,2,24,4,2,2,4,4,1,1,2,2,2,2,16,2,2,23,1,1,1,2,2,2,24,24,24,10,1,1,1,2,0,2,1,1,1,4,16
stack-inserter_from_foundry_casting-iron-gear-wheel,2,2,14,30,12,4,24,4,22,0,2,3,2,0,0,0,0,0,0,22,14,23,24,24,24,26,28,2,0,0,0,4,2,0,0,2,0,2,24,24,24,4,0
stack-inserter_from_foundry_casting-iron-gear-wheel_circuit_enabled,0,0,14,30,12,4,0,0,22,0,0,0,0,0,0,0,0,0,0,22,14,0,0,0,0,26,28,0,0,0,0,4,0,0,0,0,0,0,0,0,0,0,0
stack-inserter_from_foundry_casting-iron-gear-wheel_to_assembling-machine-3_engine-unit,0,0,14,30,12,0,24,0,22,0,0,0,0,0,0,0,0,0,0,22,14,0,0,0,0,26,28,0,0,0,0,0,0,0,0,0,0,0,0,0,0,0,0
stack-inserter_from_foundry_casting-iron-gear-wheel_to_assembling-machine-3_engine-unit_circuit_enabled,0,0,14,30,12,0,0,0,22,0,0,0,0,0,0,0,0,0,0,22,14,0,0,0,0,26,28,0,0,0,0,0,0,0,0,0,0,0,0,0,0,0,0
stack-inserter_from_foundry_casting-iron-gear-wheel_to_cargo-wagon,0,0,0,0,0,0,0,0,0,0,0,0,0,0,0,0,0,0,0,0,0,23,24,24,24,0,0,0,0,0,0,0,0,0,0,0,0,0,24,24,24,0,0
stack-inserter_from_foundry_casting-iron-gear-wheel_to_turbo-transport-belt,2,2,0,0,0,4,0,4,0,0,2,3,0,0,0,0,0,0,0,0,0,0,0,0,0,0,0,2,0,0,0,4,2,0,0,2,0,2,0,0,0,4,0
stack-inserter_from_foundry_casting-iron-gear-wheel_to_turbo-transport-belt_circuit_enabled,0,0,0,0,0,4,0,0,0,0,0,0,0,0,0,0,0,0,0,0,0,0,0,0,0,0,0,0,0,0,0,4,0,0,0,0,0,0,0,0,0,0,0
stack-inserter_from_foundry_casting-iron-gear-wheel_to_turbo-underground-belt,0,0,0,0,0,0,0,0,0,0,0,0,2,0,0,0,0,0,0,0,0,0,0,0,0,0,0,0,0,0,0,0,0,0,0,0,0,0,0,0,0,0,0
stack-inserter_from_foundry_casting-iron_circuit_enabled,0,0,1,30,6,2,0,0,2,2,0,4,1,1,2,2,2,2,16,2,0,0,1,1,1,0,0,0,24,24,24,10,0,0,0,2,0,2,1,1,1,0,16
stack-inserter_from_foundry_casting-iron_to_assembling-machine-3_electronic-circuit,0,0,0,30,6,0,0,0,0,0,0,0,0,0,0,0,0,0,0,0,0,0,0,0,0,0,0,0,0,0,0,0,0,0,0,0,0,0,0,0,0,0,0
stack-inserter_from_foundry_casting-iron_to_assembling-machine-3_electronic-circuit_circuit_enabled,0,0,0,30,6,0,0,0,0,0,0,0,0,0,0,0,0,0,0,0,0,0,0,0,0,0,0,0,0,0,0,0,0,0,0,0,0,0,0,0,0,0,0
stack-inserter_from_foundry_casting-iron_to_electromagnetic-plant_electronic-circuit,2,2,6,0,0,2,24,0,2,2,4,0,1,1,2,2,2,2,16,2,0,23,1,1,1,2,2,2,0,24,24,10,1,1,1,2,0,2,1,1,1,0,16
stack-inserter_from_foundry_casting-iron_to_electromagnetic-plant_electronic-circuit_circuit_enabled,0,0,1,0,0,2,0,0,2,2,0,0,1,1,2,2,2,2,16,2,0,0,1,1,1,0,0,0,0,24,24,10,0,0,0,2,0,2,1,1,1,0,16
stack-inserter_from_foundry_casting-iron_to_turbo-transport-belt,0,0,0,0,0,0,0,4,0,0,0,4,0,0,0,0,0,0,0,0,2,0,0,0,0,0,0,0,0,0,0,0,0,0,0,0,0,0,0,0,0,4,0
stack-inserter_from_foundry_casting-iron_to_turbo-transport-belt_circuit_enabled,0,0,0,0,0,0,0,0,0,0,0,4,0,0,0,0,0,0,0,0,0,0,0,0,0,0,0,0,0,0,0,0,0,0,0,0,0,0,0,0,0,0,0
stack-inserter_from_foundry_casting-pipe,2,44,14,30,4,4,24,4,22,0,3,144,22,0,0,0,0,0,0,22,14,23,24,24,24,26,28,4,0,0,0,6,3,0,0,4,0,4,24,24,24,4,0
stack-inserter_from_foundry_casting-pipe_circuit_enabled,0,0,14,30,1,4,0,0,22,0,0,144,22,0,0,0,0,0,0,22,14,0,0,0,0,26,28,0,0,0,0,2,3,0,0,0,0,0,0,0,0,0,0
stack-inserter_from_foundry_casting-pipe_to_assembling-machine-3_engine-unit,0,44,14,0,0,0,24,0,22,0,0,144,22,0,0,0,0,0,0,22,14,0,0,0,0,26,28,0,0,0,0,0,0,0,0,0,0,0,0,0,0,0,0
stack-inserter_from_foundry_casting-pipe_to_assembling-machine-3_engine-unit_circuit_enabled,0,0,14,0,0,0,0,0,22,0,0,144,22,0,0,0,0,0,0,22,14,0,0,0,0,26,28,0,0,0,0,0,0,0,0,0,0,0,0,0,0,0,0
stack-inserter_from_foundry_casting-pipe_to_cargo-wagon,0,0,0,30,0,0,0,0,0,0,0,0,0,0,0,0,0,0,0,0,0,23,24,24,24,0,0,0,0,0,0,0,0,0,0,0,0,0,24,24,24,0,0
stack-inserter_from_foundry_casting-pipe_to_cargo-wagon_circuit_enabled,0,0,0,30,0,0,0,0,0,0,0,0,0,0,0,0,0,0,0,0,0,0,0,0,0,0,0,0,0,0,0,0,0,0,0,0,0,0,0,0,0,0,0
stack-inserter_from_foundry_casting-pipe_to_express-splitter,0,0,0,0,0,0,0,0,0,0,1,0,0,0,0,0,0,0,0,0,0,0,0,0,0,0,0,0,0,0,0,0,0,0,0,0,0,0,0,0,0,0,0
stack-inserter_from_foundry_casting-pipe_to_express-transport-belt,0,0,0,0,0,0,0,0,0,0,2,0,0,0,0,0,0,0,0,0,0,0,0,0,0,0,0,0,0,0,0,0,0,0,0,0,0,0,0,0,0,0,0
stack-inserter_from_foundry_casting-pipe_to_turbo-transport-belt,2,0,0,0,3,4,0,4,0,0,0,0,0,0,0,0,0,0,0,0,0,0,0,0,0,0,0,4,0,0,0,6,3,0,0,4,0,4,0,0,0,4,0
stack-inserter_from_foundry_casting-pipe_to_turbo-transport-belt_circuit_enabled,0,0,0,0,0,4,0,0,0,0,0,0,0,0,0,0,0,0,0,0,0,0,0,0,0,0,0,0,0,0,0,2,3,0,0,0,0,0,0,0,0,0,0
stack-inserter_from_foundry_casting-pipe_to_turbo-underground-belt,0,0,0,0,1,0,0,0,0,0,0,0,0,0,0,0,0,0,0,0,0,0,0,0,0,0,0,0,0,0,0,0,0,0,0,0,0,0,0,0,0,0,0
stack-inserter_from_foundry_casting-pipe_to_turbo-underground-belt_circuit_enabled,0,0,0,0,1,0,0,0,0,0,0,0,0,0,0,0,0,0,0,0,0,0,0,0,0,0,0,0,0,0,0,0,0,0,0,0,0,0,0,0,0,0,0
stack-inserter_from_foundry_casting-steel,2,2,14,30,12,4,24,4,22,0,2,3,22,0,0,0,0,0,0,22,5,23,24,24,24,8,8,2,0,0,0,4,2,0,0,2,0,2,24,24,24,4,0
stack-inserter_from_foundry_casting-steel_circuit_enabled,0,0,14,30,12,4,0,0,22,0,0,0,22,0,0,0,0,0,0,22,0,0,0,0,0,8,8,0,0,0,0,4,0,0,0,0,0,0,0,0,0,0,0
stack-inserter_from_foundry_casting-steel_to_assembling-machine-3_engine-unit,0,0,14,0,12,0,24,0,22,0,0,0,22,0,0,0,0,0,0,22,0,0,0,0,0,0,0,0,0,0,0,0,0,0,0,0,0,0,0,0,0,0,0
stack-inserter_from_foundry_casting-steel_to_assembling-machine-3_engine-unit_circuit_enabled,0,0,14,0,12,0,0,0,22,0,0,0,22,0,0,0,0,0,0,22,0,0,0,0,0,0,0,0,0,0,0,0,0,0,0,0,0,0,0,0,0,0,0
stack-inserter_from_foundry_casting-steel_to_cargo-wagon,0,0,0,30,0,0,0,0,0,0,0,0,0,0,0,0,0,0,0,0,0,23,24,24,24,0,0,0,0,0,0,0,0,0,0,0,0,0,24,24,24,0,0
stack-inserter_from_foundry_casting-steel_to_cargo-wagon_circuit_enabled,0,0,0,30,0,0,0,0,0,0,0,0,0,0,0,0,0,0,0,0,0,0,0,0,0,0,0,0,0,0,0,0,0,0,0,0,0,0,0,0,0,0,0
stack-inserter_from_foundry_casting-steel_to_turbo-transport-belt,2,2,0,0,0,4,0,4,0,0,2,3,0,0,0,0,0,0,0,0,5,0,0,0,0,8,8,2,0,0,0,4,2,0,0,2,0,2,0,0,0,4,0
stack-inserter_from_foundry_casting-steel_to_turbo-transport-belt_circuit_enabled,0,0,0,0,0,4,0,0,0,0,0,0,0,0,0,0,0,0,0,0,0,0,0,0,0,8,8,0,0,0,0,4,0,0,0,0,0,0,0,0,0,0,0
stack-inserter_from_foundry_set_recipe,0,0,0,0,0,0,0,0,0,12,0,0,0,10,10,10,10,10,48,0,0,0,0,0,0,0,0,0,20,20,20,0,0,23,18,0,0,0,0,0,0,0,48
stack-inserter_from_foundry_set_recipe_circuit_enabled,0,0,0,0,0,0,0,0,0,0,0,0,0,0,0,0,0,0,48,0,0,0,0,0,0,0,0,0,20,20,20,0,0,23,18,0,0,0,0,0,0,0,48
stack-inserter_from_foundry_set_recipe_circuit_set_filters,0,0,0,0,0,0,0,0,0,12,0,0,0,10,10,10,10,10,0,0,0,0,0,0,0,0,0,0,0,0,0,0,0,23,18,0,0,0,0,0,0,0,0
stack-inserter_from_foundry_set_recipe_to_assembling-machine-3_engine-unit,0,0,0,0,0,0,0,0,0,0,0,0,0,0,0,0,0,0,48,0,0,0,0,0,0,0,0,0,20,20,20,0,0,0,0,0,0,0,0,0,0,0,48
stack-inserter_from_foundry_set_recipe_to_assembling-machine-3_engine-unit_circuit_enabled,0,0,0,0,0,0,0,0,0,0,0,0,0,0,0,0,0,0,48,0,0,0,0,0,0,0,0,0,20,20,20,0,0,0,0,0,0,0,0,0,0,0,48
stack-inserter_from_foundry_set_recipe_to_steel-chest,0,0,0,0,0,0,0,0,0,12,0,0,0,10,10,10,10,10,0,0,0,0,0,0,0,0,0,0,0,0,0,0,0,23,18,0,0,0,0,0,0,0,0
stack-inserter_from_foundry_set_recipe_to_steel-chest_circuit_enabled,0,0,0,0,0,0,0,0,0,0,0,0,0,0,0,0,0,0,0,0,0,0,0,0,0,0,0,0,0,0,0,0,0,23,18,0,0,0,0,0,0,0,0
stack-inserter_from_foundry_set_recipe_to_steel-chest_circuit_set_filters,0,0,0,0,0,0,0,0,0,12,0,0,0,10,10,10,10,10,0,0,0,0,0,0,0,0,0,0,0,0,0,0,0,23,18,0,0,0,0,0,0,0,0
stack-inserter_from_iron-chest,0,0,0,0,0,0,0,0,0,0,0,0,0,0,0,0,0,0,4,0,0,0,0,0,0,0,0,0,0,0,0,0,0,0,0,0,0,0,0,0,0,0,4
stack-inserter_from_iron-chest_to_turbo-transport-belt,0,0,0,0,0,0,0,0,0,0,0,0,0,0,0,0,0,0,4,0,0,0,0,0,0,0,0,0,0,0,0,0,0,0,0,0,0,0,0,0,0,0,4
stack-inserter_from_steel-chest,0,0,0,0,0,0,0,0,0,36,0,0,0,10,10,10,10,10,0,0,0,0,0,0,0,0,0,0,0,0,0,0,0,23,18,0,0,0,0,0,0,0,0
stack-inserter_from_steel-chest_circuit_enabled,0,0,0,0,0,0,0,0,0,24,0,0,0,10,10,10,10,10,0,0,0,0,0,0,0,0,0,0,0,0,0,0,0,23,18,0,0,0,0,0,0,0,0
stack-inserter_from_steel-chest_circuit_set_filters,0,0,0,0,0,0,0,0,0,12,0,0,0,0,0,0,0,0,0,0,0,0,0,0,0,0,0,0,0,0,0,0,0,23,18,0,0,0,0,0,0,0,0
stack-inserter_from_steel-chest_to_assembling-machine-3_chemical-science-pack,0,0,0,0,0,0,0,0,0,24,0,0,0,0,0,0,0,0,0,0,0,0,0,0,0,0,0,0,0,0,0,0,0,0,0,0,0,0,0,0,0,0,0
stack-inserter_from_steel-chest_to_assembling-machine-3_chemical-science-pack_circuit_enabled,0,0,0,0,0,0,0,0,0,24,0,0,0,0,0,0,0,0,0,0,0,0,0,0,0,0,0,0,0,0,0,0,0,0,0,0,0,0,0,0,0,0,0
stack-inserter_from_steel-chest_to_assembling-machine-3_engine-unit,0,0,0,0,0,0,0,0,0,12,0,0,0,10,10,10,10,10,0,0,0,0,0,0,0,0,0,0,0,0,0,0,0,23,18,0,0,0,0,0,0,0,0
stack-inserter_from_steel-chest_to_assembling-machine-3_engine-unit_circuit_enabled,0,0,0,0,0,0,0,0,0,0,0,0,0,10,10,10,10,10,0,0,0,0,0,0,0,0,0,0,0,0,0,0,0,23,18,0,0,0,0,0,0,0,0
stack-inserter_from_steel-chest_to_assembling-machine-3_engine-unit_circuit_set_filters,0,0,0,0,0,0,0,0,0,12,0,0,0,0,0,0,0,0,0,0,0,0,0,0,0,0,0,0,0,0,0,0,0,23,18,0,0,0,0,0,0,0,0
stack-inserter_from_turbo-transport-belt,83,8,4,6,21,16,0,159,22,0,55,33,48,48,50,50,50,50,20,22,2,25,56,56,56,3,3,43,49,49,49,6,88,48,27,25,0,24,56,56,56,159,20
stack-inserter_from_turbo-transport-belt_circuit_enabled,0,0,0,0,14,16,0,153,22,0,53,33,48,48,50,50,50,50,16,22,0,0,56,56,56,0,0,14,49,49,49,4,88,48,27,25,0,24,56,56,56,155,16
stack-inserter_from_turbo-transport-belt_circuit_set_filters,0,0,0,0,0,0,0,0,0,0,0,0,0,0,22,22,22,0,0,0,0,0,0,0,0,0,0,26,0,0,0,0,88,2,0,0,0,0,0,0,0,0,0
stack-inserter_from_turbo-transport-belt_to_assembling-machine-3_chemical-science-pack,46,4,0,0,2,12,0,104,22,0,42,8,22,44,44,44,44,44,0,22,0,0,48,48,48,0,0,26,0,48,48,0,44,48,0,22,0,22,48,48,48,104,0
stack-inserter_from_turbo-transport-belt_to_assembling-machine-3_chemical-science-pack_circuit_enabled,0,0,0,0,2,12,0,98,22,0,42,8,22,44,44,44,44,44,0,22,0,0,48,48,48,0,0,0,0,48,48,0,44,48,0,22,0,22,48,48,48,100,0
stack-inserter_from_turbo-transport-belt_to_assembling-machine-3_chemical-science-pack_circuit_set_filters,0,0,0,0,0,0,0,0,0,0,0,0,0,0,22,22,22,0,0,0,0,0,0,0,0,0,0,26,0,0,0,0,44,2,0,0,0,0,0,0,0,0,0
stack-inserter_from_turbo-transport-belt_to_assembling-machine-3_engine-unit,20,4,0,0,0,4,0,48,0,0,11,8,22,0,0,0,0,0,0,0,0,0,0,0,0,0,0,14,0,0,0,4,44,0,0,0,0,0,0,0,0,48,0
stack-inserter_from_turbo-transport-belt_to_assembling-machine-3_engine-unit_circuit_enabled,0,0,0,0,0,4,0,48,0,0,11,8,22,0,0,0,0,0,0,0,0,0,0,0,0,0,0,14,0,0,0,4,44,0,0,0,0,0,0,0,0,48,0
stack-inserter_from_turbo-transport-belt_to_assembling-machine-3_engine-unit_circuit_set_filters,0,0,0,0,0,0,0,0,0,0,0,0,0,0,0,0,0,0,0,0,0,0,0,0,0,0,0,0,0,0,0,0,44,0,0,0,0,0,0,0,0,0,0
stack-inserter_from_turbo-transport-belt_to_cargo-wagon,0,0,0,0,0,0,0,0,0,0,0,0,0,0,0,0,0,0,0,0,0,0,0,0,0,2,2,2,0,0,0,0,0,0,0,0,0,0,0,0,0,0,0
stack-inserter_from_turbo-transport-belt_to_chemical-plant_plastic-bar,0,0,0,0,0,0,0,0,0,0,0,0,0,0,0,0,0,0,16,0,0,0,0,0,0,0,0,0,1,1,1,0,0,0,0,0,0,0,0,0,0,0,16
stack-inserter_from_turbo-transport-belt_to_chemical-plant_plastic-bar_circuit_enabled,0,0,0,0,0,0,0,0,0,0,0,0,0,0,0,0,0,0,16,0,0,0,0,0,0,0,0,0,1,1,1,0,0,0,0,0,0,0,0,0,0,0,16
stack-inserter_from_turbo-transport-belt_to_cryogenic-plant_plastic-bar,1,0,0,0,2,0,0,1,0,0,2,1,0,0,2,2,2,2,0,0,2,25,0,0,0,1,1,1,0,0,0,0,0,0,1,1,0,0,0,0,0,1,0
stack-inserter_from_turbo-transport-belt_to_cryogenic-plant_plastic-bar_circuit_enabled,0,0,0,0,1,0,0,1,0,0,0,1,0,0,2,2,2,2,0,0,0,0,0,0,0,0,0,0,0,0,0,0,0,0,1,1,0,0,0,0,0,1,0
stack-inserter_from_turbo-transport-belt_to_electromagnetic-plant_advanced-circuit,12,0,0,0,0,0,0,0,0,0,0,16,4,4,4,4,4,4,0,0,0,0,8,8,8,0,0,0,0,0,0,0,0,0,26,2,0,2,8,8,8,0,0
stack-inserter_from_turbo-transport-belt_to_electromagnetic-plant_advanced-circuit_circuit_enabled,0,0,0,0,0,0,0,0,0,0,0,16,4,4,4,4,4,4,0,0,0,0,8,8,8,0,0,0,0,0,0,0,0,0,26,2,0,2,8,8,8,0,0
stack-inserter_from_turbo-transport-belt_to_electromagnetic-plant_copper-cable,0,0,0,0,0,0,0,2,0,0,0,0,0,0,0,0,0,0,0,0,0,0,0,0,0,0,0,0,0,0,0,0,0,0,0,0,0,0,0,0,0,2,0
stack-inserter_from_turbo-transport-belt_to_electromagnetic-plant_copper-cable_circuit_enabled,0,0,0,0,0,0,0,2,0,0,0,0,0,0,0,0,0,0,0,0,0,0,0,0,0,0,0,0,0,0,0,0,0,0,0,0,0,0,0,0,0,2,0
stack-inserter_from_turbo-transport-belt_to_electromagnetic-plant_electronic-circuit,4,0,0,0,0,0,0,1,0,0,0,0,0,0,0,0,0,0,0,0,0,0,0,0,0,0,0,0,0,0,0,0,0,0,0,0,0,0,0,0,0,1,0
stack-inserter_from_turbo-transport-belt_to_electromagnetic-plant_electronic-circuit_circuit_enabled,0,0,0,0,0,0,0,1,0,0,0,0,0,0,0,0,0,0,0,0,0,0,0,0,0,0,0,0,0,0,0,0,0,0,0,0,0,0,0,0,0,1,0
stack-inserter_from_turbo-transport-belt_to_foundry_molten-copper,0,0,0,0,0,0,0,1,0,0,0,0,0,0,0,0,0,0,0,0,0,0,0,0,0,0,0,0,0,0,0,1,0,0,0,0,0,0,0,0,0,1,0
stack-inserter_from_turbo-transport-belt_to_foundry_molten-copper_circuit_enabled,0,0,0,0,0,0,0,1,0,0,0,0,0,0,0,0,0,0,0,0,0,0,0,0,0,0,0,0,0,0,0,0,0,0,0,0,0,0,0,0,0,1,0
stack-inserter_from_turbo-transport-belt_to_foundry_molten-iron,0,0,0,0,0,0,0,2,0,0,0,0,0,0,0,0,0,0,0,0,0,0,0,0,0,0,0,0,0,0,0,1,0,0,0,0,0,0,0,0,0,2,0
stack-inserter_from_turbo-transport-belt_to_foundry_molten-iron_circuit_enabled,0,0,0,0,0,0,0,2,0,0,0,0,0,0,0,0,0,0,0,0,0,0,0,0,0,0,0,0,0,0,0,0,0,0,0,0,0,0,0,0,0,2,0
stack-inserter_from_turbo-transport-belt_to_iron-chest,0,0,0,0,0,0,0,0,0,0,0,0,0,0,0,0,0,0,4,0,0,0,0,0,0,0,0,0,0,0,0,0,0,0,0,0,0,0,0,0,0,0,4
stack-inserter_from_turbo-transport-belt_to_turbo-underground-belt,0,0,0,0,11,0,0,0,0,0,0,0,0,0,0,0,0,0,0,0,0,0,0,0,0,0,0,0,0,0,0,0,0,0,0,0,0,0,0,0,0,0,0
stack-inserter_from_turbo-transport-belt_to_turbo-underground-belt_circuit_enabled,0,0,0,0,11,0,0,0,0,0,0,0,0,0,0,0,0,0,0,0,0,0,0,0,0,0,0,0,0,0,0,0,0,0,0,0,0,0,0,0,0,0,0
stack-inserter_from_turbo-underground-belt,2,96,72,30,83,62,48,96,0,26,0,608,2,2,0,0,0,0,32,0,130,0,4,4,4,54,58,2,23,23,23,164,12,56,65,50,0,51,4,4,4,96,32
stack-inserter_from_turbo-underground-belt_circuit_enabled,0,8,3,0,82,62,0,93,0,26,0,608,2,2,0,0,0,0,32,0,126,0,4,4,4,50,56,0,23,23,23,164,12,56,65,50,0,51,4,4,4,94,32
stack-inserter_from_turbo-underground-belt_to_assembling-machine-3_chemical-science-pack,2,40,66,0,64,36,24,52,0,24,0,280,0,0,0,0,0,0,32,0,96,0,0,0,0,26,28,0,0,0,0,104,0,44,52,0,0,0,0,0,0,52,32
stack-inserter_from_turbo-underground-belt_to_assembling-machine-3_chemical-science-pack_circuit_enabled,0,0,3,0,64,36,0,49,0,24,0,280,0,0,0,0,0,0,32,0,96,0,0,0,0,26,28,0,0,0,0,104,0,44,52,0,0,0,0,0,0,50,32
stack-inserter_from_turbo-underground-belt_to_assembling-machine-3_engine-unit,0,40,0,0,12,24,0,24,0,0,0,280,0,0,0,0,0,0,0,0,14,0,0,0,0,26,28,0,0,0,0,50,0,0,0,44,0,44,0,0,0,24,0
stack-inserter_from_turbo-underground-belt_to_assembling-machine-3_engine-unit_circuit_enabled,0,0,0,0,12,24,0,24,0,0,0,280,0,0,0,0,0,0,0,0,14,0,0,0,0,24,28,0,0,0,0,50,0,0,0,44,0,44,0,0,0,24,0
stack-inserter_from_turbo-underground-belt_to_cargo-wagon,0,0,0,0,0,0,0,0,0,0,0,0,0,0,0,0,0,0,0,0,0,0,0,0,0,2,2,2,0,0,0,0,0,0,0,0,0,0,0,0,0,0,0
stack-inserter_from_turbo-underground-belt_to_chemical-plant_plastic-bar,0,0,0,0,0,2,0,0,0,0,0,0,0,0,0,0,0,0,0,0,0,0,0,0,0,0,0,0,23,23,23,0,0,0,0,0,0,0,0,0,0,0,0
stack-inserter_from_turbo-underground-belt_to_chemical-plant_plastic-bar_circuit_enabled,0,0,0,0,0,2,0,0,0,0,0,0,0,0,0,0,0,0,0,0,0,0,0,0,0,0,0,0,23,23,23,0,0,0,0,0,0,0,0,0,0,0,0
stack-inserter_from_turbo-underground-belt_to_cryogenic-plant_plastic-bar,0,8,6,30,1,0,24,0,0,2,0,0,2,2,0,0,0,0,0,0,0,0,4,4,4,0,0,0,0,0,0,10,4,4,13,0,0,1,4,4,4,0,0
stack-inserter_from_turbo-underground-belt_to_cryogenic-plant_plastic-bar_circuit_enabled,0,0,0,0,0,0,0,0,0,2,0,0,2,2,0,0,0,0,0,0,0,0,4,4,4,0,0,0,0,0,0,10,4,4,13,0,0,1,4,4,4,0,0
stack-inserter_from_turbo-underground-belt_to_electromagnetic-plant_advanced-circuit,0,8,0,0,6,0,0,10,0,0,0,16,0,0,0,0,0,0,0,0,16,0,0,0,0,0,0,0,0,0,0,0,8,8,0,6,0,6,0,0,0,10,0
stack-inserter_from_turbo-underground-belt_to_electromagnetic-plant_advanced-circuit_circuit_enabled,0,8,0,0,6,0,0,10,0,0,0,16,0,0,0,0,0,0,0,0,16,0,0,0,0,0,0,0,0,0,0,0,8,8,0,6,0,6,0,0,0,10,0
stack-inserter_from_turbo-underground-belt_to_electromagnetic-plant_copper-cable,0,0,0,0,0,0,0,3,0,0,0,16,0,0,0,0,0,0,0,0,0,0,0,0,0,0,0,0,0,0,0,0,0,0,0,0,0,0,0,0,0,3,0
stack-inserter_from_turbo-underground-belt_to_electromagnetic-plant_copper-cable_circuit_enabled,0,0,0,0,0,0,0,3,0,0,0,16,0,0,0,0,0,0,0,0,0,0,0,0,0,0,0,0,0,0,0,0,0,0,0,0,0,0,0,0,0,3,0
stack-inserter_from_turbo-underground-belt_to_electromagnetic-plant_electronic-circuit,0,0,0,0,0,0,0,4,0,0,0,16,0,0,0,0,0,0,0,0,4,0,0,0,0,0,0,0,0,0,0,0,0,0,0,0,0,0,0,0,0,4,0
stack-inserter_from_turbo-underground-belt_to_electromagnetic-plant_electronic-circuit_circuit_enabled,0,0,0,0,0,0,0,4,0,0,0,16,0,0,0,0,0,0,0,0,0,0,0,0,0,0,0,0,0,0,0,0,0,0,0,0,0,0,0,0,0,4,0
stack-inserter_from_turbo-underground-belt_to_foundry_molten-copper,0,0,0,0,0,0,0,1,0,0,0,0,0,0,0,0,0,0,0,0,0,0,0,0,0,0,0,0,0,0,0,0,0,0,0,0,0,0,0,0,0,1,0
stack-inserter_from_turbo-underground-belt_to_foundry_molten-copper_circuit_enabled,0,0,0,0,0,0,0,1,0,0,0,0,0,0,0,0,0,0,0,0,0,0,0,0,0,0,0,0,0,0,0,0,0,0,0,0,0,0,0,0,0,1,0
stack-inserter_from_turbo-underground-belt_to_foundry_molten-iron,0,0,0,0,0,0,0,2,0,0,0,0,0,0,0,0,0,0,0,0,0,0,0,0,0,0,0,0,0,0,0,0,0,0,0,0,0,0,0,0,0,2,0
stack-inserter_from_turbo-underground-belt_to_foundry_molten-iron_circuit_enabled,0,0,0,0,0,0,0,2,0,0,0,0,0,0,0,0,0,0,0,0,0,0,0,0,0,0,0,0,0,0,0,0,0,0,0,0,0,0,0,0,0,2,0
stack-inserter_to_assembling-machine-3_advanced-circuit,0,0,0,90,0,0,0,0,0,0,0,0,0,0,0,0,0,0,0,0,0,0,0,0,0,0,0,0,0,0,0,0,0,0,0,0,0,0,0,0,0,0,0
stack-inserter_to_assembling-machine-3_advanced-circuit_circuit_enabled,0,0,0,90,0,0,0,0,0,0,0,0,0,0,0,0,0,0,0,0,0,0,0,0,0,0,0,0,0,0,0,0,0,0,0,0,0,0,0,0,0,0,0
stack-inserter_to_assembling-machine-3_chemical-science-pack,48,88,66,90,66,96,72,156,44,48,42,432,44,44,44,44,44,44,96,44,96,46,96,96,96,52,56,52,0,96,96,156,88,138,156,44,0,44,96,96,96,156,96
stack-inserter_to_assembling-machine-3_chemical-science-pack_circuit_enabled,0,2,3,90,66,96,0,147,44,48,42,432,44,44,44,44,44,44,96,44,96,46,96,96,96,51,56,25,0,96,96,156,88,138,156,44,0,44,96,96,96,150,96
stack-inserter_to_assembling-machine-3_chemical-science-pack_circuit_set_filters,0,0,0,0,0,0,0,0,0,0,0,0,0,0,22,22,22,0,0,0,0,0,0,0,0,0,0,26,0,0,0,0,44,2,0,0,0,0,0,0,0,0,0
stack-inserter_to_assembling-machine-3_copper-cable,0,0,0,0,0,0,0,0,0,0,0,0,0,0,0,0,0,0,0,0,2,0,0,0,0,0,0,0,0,0,0,0,0,0,0,0,0,0,0,0,0,0,0
stack-inserter_to_assembling-machine-3_copper-cable_circuit_enabled,0,0,0,0,0,0,0,0,0,0,0,0,0,0,0,0,0,0,0,0,2,0,0,0,0,0,0,0,0,0,0,0,0,0,0,0,0,0,0,0,0,0,0
stack-inserter_to_assembling-machine-3_electronic-circuit,0,0,0,60,12,0,0,0,0,0,0,0,0,0,0,0,0,0,0,0,0,0,0,0,0,0,0,0,0,0,0,0,0,0,0,0,0,0,0,0,0,0,0
stack-inserter_to_assembling-machine-3_electronic-circuit_circuit_enabled,0,0,0,60,12,0,0,0,0,0,0,0,0,0,0,0,0,0,0,0,0,0,0,0,0,0,0,0,0,0,0,0,0,0,0,0,0,0,0,0,0,0,0
stack-inserter_to_assembling-machine-3_engine-unit,20,88,42,60,36,56,72,72,66,12,22,432,66,10,10,10,10,10,48,66,42,23,24,24,24,78,84,28,20,20,20,78,44,23,18,44,0,44,24,24,24,72,48
stack-inserter_to_assembling-machine-3_engine-unit_circuit_enabled,0,0,42,60,36,56,0,72,66,0,22,432,66,10,10,10,10,10,48,66,42,23,0,0,24,76,84,28,20,20,20,78,44,23,18,44,0,44,0,0,24,72,48
stack-inserter_to_assembling-machine-3_engine-unit_circuit_set_filters,0,0,0,0,0,0,0,0,0,12,0,0,0,0,0,0,0,0,0,0,0,0,24,24,0,0,0,0,0,0,0,0,44,23,18,0,0,0,24,24,0,0,0
stack-inserter_to_belt,60,72,45,36,68,72,26,118,27,32,45,201,31,39,39,39,39,39,40,27,85,23,68,68,68,48,50,46,72,72,72,82,65,60,74,46,0,46,68,68,68,118,40
stack-inserter_to_belt_circuit_enabled,0,8,42,30,59,72,0,83,4,30,36,189,4,4,38,38,38,38,32,4,72,23,8,8,8,43,46,18,68,72,72,78,59,60,74,27,0,27,8,8,8,84,32
stack-inserter_to_belt_circuit_set_filters,0,0,0,0,0,0,0,0,22,0,0,0,22,32,10,10,10,10,0,22,0,0,48,48,48,0,0,12,0,0,0,0,0,0,0,0,0,0,48,48,48,0,0
stack-inserter_to_building,87,216,144,330,135,176,288,280,122,78,90,1025,132,76,80,80,80,80,256,122,170,209,160,160,160,145,155,95,44,260,260,296,164,193,270,103,0,103,160,160,160,280,256
stack-inserter_to_building_circuit_enabled,0,26,46,300,133,176,0,266,116,66,80,1025,132,76,80,80,80,80,256,116,164,138,136,136,160,127,140,53,44,260,260,294,163,192,269,103,0,103,136,136,160,269,256
stack-inserter_to_building_circuit_set_filters,0,0,0,0,0,0,0,0,0,12,0,0,0,0,22,22,22,0,0,0,0,0,24,24,0,0,0,26,0,0,0,0,88,25,18,0,0,0,24,24,0,0,0
stack-inserter_to_cargo-wagon,0,0,0,180,0,34,0,0,8,8,12,0,0,0,0,0,0,0,0,8,0,138,72,72,72,10,10,10,0,0,0,0,0,0,0,0,0,0,72,72,72,0,0
stack-inserter_to_cargo-wagon_circuit_enabled,0,0,0,180,0,34,0,0,4,8,0,0,0,0,0,0,0,0,0,4,0,23,0,0,0,0,0,0,0,0,0,0,0,0,0,0,0,0,0,0,0,0,0
stack-inserter_to_chemical-plant_plastic-bar,0,0,0,0,0,2,0,0,0,0,0,0,0,0,0,0,0,0,16,0,0,0,0,0,0,0,0,0,24,24,24,0,0,0,0,0,0,0,0,0,0,0,16
stack-inserter_to_chemical-plant_plastic-bar_circuit_enabled,0,0,0,0,0,2,0,0,0,0,0,0,0,0,0,0,0,0,16,0,0,0,0,0,0,0,0,0,24,24,24,0,0,0,0,0,0,0,0,0,0,0,16
stack-inserter_to_chest,0,0,0,180,0,34,0,0,8,44,12,0,0,10,10,10,10,10,4,8,0,138,72,72,72,10,10,10,0,0,0,0,0,23,18,0,0,0,72,72,72,0,4
stack-inserter_to_chest_circuit_enabled,0,0,0,180,0,34,0,0,4,32,0,0,0,0,0,0,0,0,0,4,0,23,0,0,0,0,0,0,0,0,0,0,0,23,18,0,0,0,0,0,0,0,0
stack-inserter_to_chest_circuit_set_filters,0,0,0,0,0,0,0,0,0,12,0,0,0,10,10,10,10,10,0,0,0,0,0,0,0,0,0,0,0,0,0,0,0,23,18,0,0,0,0,0,0,0,0
stack-inserter_to_cryogenic-plant_plastic-bar,1,8,6,30,3,0,24,1,0,2,2,1,2,2,2,2,2,2,0,0,2,25,4,4,4,1,1,1,0,0,0,10,4,4,14,1,0,1,4,4,4,1,0
stack-inserter_to_cryogenic-plant_plastic-bar_circuit_enabled,0,0,0,0,1,0,0,1,0,2,0,1,2,2,2,2,2,2,0,0,0,0,4,4,4,0,0,0,0,0,0,10,4,4,14,1,0,1,4,4,4,1,0
stack-inserter_to_electromagnetic-plant_advanced-circuit,12,24,18,0,18,16,72,30,8,12,16,96,16,16,16,16,16,16,64,8,24,69,32,32,32,8,8,8,0,72,72,30,24,24,78,8,0,8,32,32,32,30,64
stack-inserter_to_electromagnetic-plant_advanced-circuit_circuit_enabled,0,24,0,0,18,16,0,30,4,12,16,96,16,16,16,16,16,16,64,4,24,69,32,32,32,0,0,0,0,72,72,30,24,24,78,8,0,8,32,32,32,30,64
stack-inserter_to_electromagnetic-plant_copper-cable,0,0,0,0,0,0,0,5,0,0,0,16,0,0,0,0,0,0,0,0,0,0,0,0,0,2,2,2,0,0,0,0,0,0,0,0,0,0,0,0,0,5,0
stack-inserter_to_electromagnetic-plant_copper-cable_circuit_enabled,0,0,0,0,0,0,0,5,0,0,0,16,0,0,0,0,0,0,0,0,0,0,0,0,0,0,0,0,0,0,0,0,0,0,0,0,0,0,0,0,0,5,0
stack-inserter_to_electromagnetic-plant_electronic-circuit,6,8,12,0,0,6,48,10,4,4,8,48,4,4,8,8,8,8,32,4,4,46,4,4,4,4,4,4,0,48,48,20,4,4,4,6,0,6,4,4,4,10,32
stack-inserter_to_electromagnetic-plant_electronic-circuit_circuit_enabled,0,0,1,0,0,6,0,5,2,4,0,48,4,4,8,8,8,8,32,2,0,0,4,4,4,0,0,0,0,48,48,20,3,3,3,6,0,6,4,4,4,5,32
stack-inserter_to_express-splitter,0,0,0,0,0,0,0,0,0,0,1,0,0,0,0,0,0,0,0,0,0,0,0,0,0,0,0,0,0,0,0,0,0,0,0,0,0,0,0,0,0,0,0
stack-inserter_to_express-transport-belt,0,0,0,0,0,0,0,0,0,0,2,0,0,0,0,0,0,0,0,0,0,0,0,0,0,0,0,0,0,0,0,0,0,0,0,0,0,0,0,0,0,0,0
stack-inserter_to_foundry_molten-copper,0,0,0,0,0,0,0,2,0,0,0,0,0,0,0,0,0,0,0,0,0,0,0,0,0,0,0,0,0,0,0,1,0,0,0,0,0,0,0,0,0,2,0
stack-inserter_to_foundry_molten-copper_circuit_enabled,0,0,0,0,0,0,0,2,0,0,0,0,0,0,0,0,0,0,0,0,0,0,0,0,0,0,0,0,0,0,0,0,0,0,0,0,0,0,0,0,0,2,0
stack-inserter_to_foundry_molten-iron,0,0,0,0,0,0,0,4,0,0,0,0,0,0,0,0,0,0,0,0,0,0,0,0,0,0,0,0,0,0,0,1,0,0,0,0,0,0,0,0,0,4,0
stack-inserter_to_foundry_molten-iron_circuit_enabled,0,0,0,0,0,0,0,4,0,0,0,0,0,0,0,0,0,0,0,0,0,0,0,0,0,0,0,0,0,0,0,0,0,0,0,0,0,0,0,0,0,4,0
stack-inserter_to_iron-chest,0,0,0,0,0,0,0,0,0,0,0,0,0,0,0,0,0,0,4,0,0,0,0,0,0,0,0,0,0,0,0,0,0,0,0,0,0,0,0,0,0,0,4
stack-inserter_to_steel-chest,0,0,0,0,0,0,0,0,0,36,0,0,0,10,10,10,10,10,0,0,0,0,0,0,0,0,0,0,0,0,0,0,0,23,18,0,0,0,0,0,0,0,0
stack-inserter_to_steel-chest_circuit_enabled,0,0,0,0,0,0,0,0,0,24,0,0,0,0,0,0,0,0,0,0,0,0,0,0,0,0,0,0,0,0,0,0,0,23,18,0,0,0,0,0,0,0,0
stack-inserter_to_steel-chest_circuit_set_filters,0,0,0,0,0,0,0,0,0,12,0,0,0,10,10,10,10,10,0,0,0,0,0,0,0,0,0,0,0,0,0,0,0,23,18,0,0,0,0,0,0,0,0
stack-inserter_to_turbo-transport-belt,60,62,31,36,32,68,0,118,5,32,10,201,24,36,39,39,39,39,8,5,71,23,68,68,68,48,50,46,24,24,24,81,65,60,71,46,0,46,68,68,68,118,8
stack-inserter_to_turbo-transport-belt_circuit_enabled,0,8,28,30,23,68,0,83,4,30,4,189,2,2,38,38,38,38,0,4,58,23,8,8,8,43,46,18,20,24,24,77,59,60,71,27,0,27,8,8,8,84,0
stack-inserter_to_turbo-transport-belt_circuit_set_filters,0,0,0,0,0,0,0,0,0,0,0,0,20,32,10,10,10,10,0,0,0,0,48,48,48,0,0,12,0,0,0,0,0,0,0,0,0,0,48,48,48,0,0
stack-inserter_to_turbo-underground-belt,0,10,14,0,36,4,26,0,22,0,32,0,7,3,0,0,0,0,32,22,14,0,0,0,0,0,0,0,48,48,48,1,0,0,3,0,0,0,0,0,0,0,32
stack-inserter_to_turbo-underground-belt_circuit_enabled,0,0,14,0,36,4,0,0,0,0,32,0,2,2,0,0,0,0,32,0,14,0,0,0,0,0,0,0,48,48,48,1,0,0,3,0,0,0,0,0,0,0,32
stack-inserter_to_turbo-underground-belt_circuit_set_filters,0,0,0,0,0,0,0,0,22,0,0,0,2,0,0,0,0,0,0,22,0,0,0,0,0,0,0,0,0,0,0,0,0,0,0,0,0,0,0,0,0,0,0
steel-chest,0,0,0,0,0,0,0,0,0,36,0,0,0,10,10,10,10,10,0,0,0,0,0,0,0,0,0,0,0,0,0,0,0,23,18,0,3,0,0,0,0,0,0
stone-furnace,0,0,0,0,0,0,0,0,0,0,0,0,0,0,0,0,0,0,0,0,0,0,0,0,0,0,0,0,0,0,0,0,0,0,0,0,671,0,0,0,0,0,0
storage-tank,0,0,0,0,0,0,0,0,1,1,0,1,1,4,1,1,1,1,3,1,1,5,1,1,1,0,0,0,1,1,1,0,3,3,5,1,0,1,1,1,2,0,3
straight-rail,0,0,0,180,0,12,0,0,8,4,16,0,0,0,0,0,0,0,0,8,0,207,48,48,48,4,4,4,0,0,0,0,0,0,0,0,0,0,48,48,48,0,0
substation,8,0,0,0,3,0,62,0,0,10,7,79,0,0,0,0,0,0,0,0,37,63,0,0,0,2,2,2,0,0,0,0,6,3,2,0,0,0,0,0,0,0,0
transport-belt,0,0,0,0,0,0,0,0,0,0,0,0,0,0,0,0,0,0,0,0,0,0,0,0,0,0,0,0,0,0,0,0,0,0,0,0,24,0,0,0,0,0,0
transport-belt_circuit_enabled,0,0,0,0,0,0,0,0,0,0,0,0,0,0,0,0,0,0,0,0,0,0,0,0,0,0,0,0,0,0,0,0,0,0,0,0,3,0,0,0,0,0,0
turbo-loader,1,2,0,0,0,0,0,0,0,0,0,0,0,0,1,1,1,1,0,0,2,0,2,2,2,0,0,0,0,0,0,0,2,2,2,0,14,0,2,2,2,0,0
turbo-splitter,1,0,68,7,66,2,0,10,1,1,12,46,2,3,2,2,2,2,15,1,24,4,0,0,0,2,2,1,0,0,0,0,53,11,66,0,246,0,0,0,0,9,15
turbo-transport-belt,461,572,324,89,405,371,243,780,600,148,273,1490,490,297,292,292,292,292,174,608,533,1368,1101,1101,1101,260,208,396,362,362,362,846,657,443,513,201,3739,195,1101,1101,1101,749,174
turbo-transport-belt_circuit_enabled,0,0,0,0,0,0,0,0,0,0,0,0,0,0,0,0,0,0,0,0,0,1,0,0,0,4,0,6,2,2,2,0,0,0,0,0,35,0,0,0,0,0,0
turbo-underground-belt,247,256,468,336,476,268,292,343,98,124,213,1264,182,210,213,213,213,213,396,94,382,336,299,299,299,218,214,216,636,636,636,375,617,467,697,226,3102,228,299,299,299,311,396